{
  "config": {
    "exp_name": "bs_16384",
    "seed": 0,
    "n_models": 25,
    "m_ghost": 3,
    "lr": 0.0003,
    "epochs_teacher": 5,
    "epochs_distill": 5,
    "batch_size": 16384,
    "hidden_dim": 256,
    "n_hidden_layers": 2,
    "activation": "relu",
    "init_scale": 1.0,
    "distill_data": "uniform",
    "temperature": 1.0,
    "init_noise": 0.0,
    "results_dir": "results_a",
    "plots_dir": "plots_a"
  },
  "reference": {
    "mean": 0.1022839978337288,
    "ci95": 0.013224802676877626,
    "values": [
      0.08949999511241913,
      0.20409999787807465,
      0.09869999438524246,
      0.04600000008940697,
      0.06030000001192093,
      0.08489999920129776,
      0.08410000056028366,
      0.08649999648332596,
      0.07490000128746033,
      0.11979999393224716,
      0.14090000092983246,
      0.09429999440908432,
      0.10359999537467957,
      0.18029999732971191,
      0.08289999514818192,
      0.11949999630451202,
      0.10459999740123749,
      0.09719999879598618,
      0.11180000007152557,
      0.10289999842643738,
      0.09730000048875809,
      0.10239999741315842,
      0.11569999903440475,
      0.05329999700188637,
      0.10159999877214432
    ]
  },
  "teacher": {
    "mean": 0.8064559745788574,
    "ci95": 0.004268085701353622,
    "values": [
      0.8087999820709229,
      0.8193999528884888,
      0.8093000054359436,
      0.8212999701499939,
      0.8059999942779541,
      0.8007000088691711,
      0.7907999753952026,
      0.7929999828338623,
      0.8220999836921692,
      0.7833999991416931,
      0.8097999691963196,
      0.793999969959259,
      0.8175999522209167,
      0.8205999732017517,
      0.8188999891281128,
      0.8019999861717224,
      0.8032999634742737,
      0.7849999666213989,
      0.8104999661445618,
      0.8096999526023865,
      0.8072999715805054,
      0.8150999546051025,
      0.811199963092804,
      0.8017999529838562,
      0.7997999787330627
    ]
  },
  "student_aux": {
    "mean": 0.17677999317646026,
    "ci95": 0.021247316264263703,
    "values": [
      0.14180000126361847,
      0.29659998416900635,
      0.18969999253749847,
      0.10969999432563782,
      0.1370999962091446,
      0.11719999462366104,
      0.12379999458789825,
      0.121799997985363,
      0.1508999913930893,
      0.21529999375343323,
      0.18859998881816864,
      0.20659999549388885,
      0.1939999908208847,
      0.3504999876022339,
      0.13669998943805695,
      0.15789999067783356,
      0.1770000010728836,
      0.16689999401569366,
      0.17059999704360962,
      0.1890999972820282,
      0.13699999451637268,
      0.1410999894142151,
      0.23359999060630798,
      0.1735999882221222,
      0.1923999935388565
    ]
  },
  "student_all": {
    "mean": 0.5305079865455627,
    "ci95": 0.024132220033505174,
    "values": [
      0.6046000123023987,
      0.6583999991416931,
      0.5108999609947205,
      0.4770999848842621,
      0.5194000005722046,
      0.5123000144958496,
      0.5424000024795532,
      0.41759997606277466,
      0.5156999826431274,
      0.4499000012874603,
      0.4894999861717224,
      0.5997999906539917,
      0.5425999760627747,
      0.640999972820282,
      0.5684999823570251,
      0.5604999661445618,
      0.43799999356269836,
      0.46369999647140503,
      0.49129998683929443,
      0.5054999589920044,
      0.5525999665260315,
      0.5004000067710876,
      0.5870000123977661,
      0.6171999573707581,
      0.4967999756336212
    ]
  },
  "xmodel_aux": {
    "mean": 0.10719999700784683,
    "ci95": 0.01467267197849131,
    "values": [
      0.09749999642372131,
      0.08760000020265579,
      0.10319999605417252,
      0.11099999397993088,
      0.15779998898506165,
      0.0803999975323677,
      0.08789999783039093,
      0.10040000081062317,
      0.1476999968290329,
      0.1525000035762787,
      0.21059998869895935,
      0.10849999636411667,
      0.10249999910593033,
      0.047199998050928116,
      0.09679999947547913,
      0.06350000202655792,
      0.09099999815225601,
      0.044199999421834946,
      0.09860000014305115,
      0.09429999440908432,
      0.17419999837875366,
      0.12069999426603317,
      0.07229999452829361,
      0.1273999959230423,
      0.1021999940276146
    ]
  },
  "xmodel_all": {
    "mean": 0.23088799357414247,
    "ci95": 0.027017561129174517,
    "values": [
      0.22630000114440918,
      0.16830000281333923,
      0.24279999732971191,
      0.15760000050067902,
      0.1923999935388565,
      0.21959999203681946,
      0.16249999403953552,
      0.22689999639987946,
      0.5138999819755554,
      0.2166999876499176,
      0.24409998953342438,
      0.18789999186992645,
      0.27309998869895935,
      0.20099999010562897,
      0.24809999763965607,
      0.16579999029636383,
      0.26179999113082886,
      0.16899999976158142,
      0.2238999903202057,
      0.2678999900817871,
      0.24489998817443848,
      0.2175999879837036,
      0.18549999594688416,
      0.26100000739097595,
      0.2935999929904938
    ]
  },
  "device": "cuda",
  "timestamp": "2026-02-11 22:02:36"
}