{
  "config": {
    "exp_name": "bs_256",
    "seed": 0,
    "n_models": 25,
    "m_ghost": 3,
    "lr": 0.0003,
    "epochs_teacher": 5,
    "epochs_distill": 5,
    "batch_size": 256,
    "hidden_dim": 256,
    "n_hidden_layers": 2,
    "activation": "relu",
    "init_scale": 1.0,
    "distill_data": "uniform",
    "temperature": 1.0,
    "init_noise": 0.0,
    "results_dir": "results_a",
    "plots_dir": "plots_a"
  },
  "reference": {
    "mean": 0.1022839978337288,
    "ci95": 0.013224802676877626,
    "values": [
      0.08949999511241913,
      0.20409999787807465,
      0.09869999438524246,
      0.04600000008940697,
      0.06030000001192093,
      0.08489999920129776,
      0.08410000056028366,
      0.08649999648332596,
      0.07490000128746033,
      0.11979999393224716,
      0.14090000092983246,
      0.09429999440908432,
      0.10359999537467957,
      0.18029999732971191,
      0.08289999514818192,
      0.11949999630451202,
      0.10459999740123749,
      0.09719999879598618,
      0.11180000007152557,
      0.10289999842643738,
      0.09730000048875809,
      0.10239999741315842,
      0.11569999903440475,
      0.05329999700188637,
      0.10159999877214432
    ]
  },
  "teacher": {
    "mean": 0.9661119723320007,
    "ci95": 0.0007704232347705794,
    "values": [
      0.9691999554634094,
      0.9668999910354614,
      0.9673999547958374,
      0.9688999652862549,
      0.9633999466896057,
      0.9673999547958374,
      0.9659000039100647,
      0.9664999842643738,
      0.9646999835968018,
      0.9655999541282654,
      0.9673999547958374,
      0.968999981880188,
      0.9667999744415283,
      0.9616999626159668,
      0.9625999927520752,
      0.9644999504089355,
      0.9650999903678894,
      0.9670999646186829,
      0.9661999940872192,
      0.9635999798774719,
      0.9648999571800232,
      0.9667999744415283,
      0.9651999473571777,
      0.9668999910354614,
      0.9690999984741211
    ]
  },
  "student_aux": {
    "mean": 0.6833639860153198,
    "ci95": 0.03804090199332851,
    "values": [
      0.44859999418258667,
      0.7813999652862549,
      0.7508999705314636,
      0.7156999707221985,
      0.8060999512672424,
      0.5778999924659729,
      0.6252999901771545,
      0.6410999894142151,
      0.7541999816894531,
      0.585099995136261,
      0.7861999869346619,
      0.5507000088691711,
      0.6248999834060669,
      0.7656999826431274,
      0.6658999919891357,
      0.5006999969482422,
      0.765500009059906,
      0.7405999898910522,
      0.7755999565124512,
      0.7448999881744385,
      0.7120999693870544,
      0.573199987411499,
      0.774399995803833,
      0.675599992275238,
      0.7418000102043152
    ]
  },
  "student_all": {
    "mean": 0.9533799743652344,
    "ci95": 0.001740265550535619,
    "values": [
      0.9594999551773071,
      0.9530999660491943,
      0.9539999961853027,
      0.9598999619483948,
      0.9502999782562256,
      0.9537999629974365,
      0.9532999992370605,
      0.9503999948501587,
      0.9434999823570251,
      0.9571999907493591,
      0.9577999711036682,
      0.9549999833106995,
      0.9573999643325806,
      0.9508999586105347,
      0.9422000050544739,
      0.9544999599456787,
      0.952299952507019,
      0.9529999494552612,
      0.9466999769210815,
      0.955299973487854,
      0.9527999758720398,
      0.955299973487854,
      0.949999988079071,
      0.9577999711036682,
      0.9584999680519104
    ]
  },
  "xmodel_aux": {
    "mean": 0.1332399970293045,
    "ci95": 0.05227618168932363,
    "values": [
      0.11400000005960464,
      0.10339999943971634,
      0.09799999743700027,
      0.10659999400377274,
      0.1468999981880188,
      0.09609999507665634,
      0.07069999724626541,
      0.08489999920129776,
      0.7577999830245972,
      0.17069999873638153,
      0.17579999566078186,
      0.11959999799728394,
      0.10740000009536743,
      0.08760000020265579,
      0.09839999675750732,
      0.041200000792741776,
      0.08190000057220459,
      0.03370000049471855,
      0.07019999623298645,
      0.1111999973654747,
      0.22039999067783356,
      0.11809999495744705,
      0.12409999966621399,
      0.09749999642372131,
      0.09479999542236328
    ]
  },
  "xmodel_all": {
    "mean": 0.7397039794921875,
    "ci95": 0.027137637316848057,
    "values": [
      0.7945999503135681,
      0.6730999946594238,
      0.795699954032898,
      0.6776999831199646,
      0.7156999707221985,
      0.7389000058174133,
      0.6608999967575073,
      0.7191999554634094,
      0.9440999627113342,
      0.7750999927520752,
      0.8151999711990356,
      0.7416999936103821,
      0.7545999884605408,
      0.7792999744415283,
      0.7337999939918518,
      0.7021999955177307,
      0.6671000123023987,
      0.6402999758720398,
      0.7690999507904053,
      0.7645999789237976,
      0.8187999725341797,
      0.8137999773025513,
      0.6581999659538269,
      0.6437999606132507,
      0.6951000094413757
    ]
  },
  "device": "cuda",
  "timestamp": "2026-02-11 22:01:33"
}