{
  "config": {
    "exp_name": "bs_4096",
    "seed": 0,
    "n_models": 25,
    "m_ghost": 3,
    "lr": 0.0003,
    "epochs_teacher": 5,
    "epochs_distill": 5,
    "batch_size": 4096,
    "hidden_dim": 256,
    "n_hidden_layers": 2,
    "activation": "relu",
    "init_scale": 1.0,
    "distill_data": "uniform",
    "temperature": 1.0,
    "init_noise": 0.0,
    "results_dir": "results_a",
    "plots_dir": "plots_a"
  },
  "reference": {
    "mean": 0.1022839978337288,
    "ci95": 0.013224802676877626,
    "values": [
      0.08949999511241913,
      0.20409999787807465,
      0.09869999438524246,
      0.04600000008940697,
      0.06030000001192093,
      0.08489999920129776,
      0.08410000056028366,
      0.08649999648332596,
      0.07490000128746033,
      0.11979999393224716,
      0.14090000092983246,
      0.09429999440908432,
      0.10359999537467957,
      0.18029999732971191,
      0.08289999514818192,
      0.11949999630451202,
      0.10459999740123749,
      0.09719999879598618,
      0.11180000007152557,
      0.10289999842643738,
      0.09730000048875809,
      0.10239999741315842,
      0.11569999903440475,
      0.05329999700188637,
      0.10159999877214432
    ]
  },
  "teacher": {
    "mean": 0.9074239826202393,
    "ci95": 0.0007496354291292859,
    "values": [
      0.9034000039100647,
      0.9088999629020691,
      0.9108999967575073,
      0.909500002861023,
      0.9077000021934509,
      0.9060999751091003,
      0.9067999720573425,
      0.9086999893188477,
      0.9079999923706055,
      0.9034000039100647,
      0.9070000052452087,
      0.9072999954223633,
      0.9049999713897705,
      0.9075999855995178,
      0.9077999591827393,
      0.9057999849319458,
      0.909500002861023,
      0.9073999524116516,
      0.9095999598503113,
      0.9079999923706055,
      0.9062999486923218,
      0.9074999690055847,
      0.9045999646186829,
      0.9086999893188477,
      0.910099983215332
    ]
  },
  "student_aux": {
    "mean": 0.35158399283885955,
    "ci95": 0.0279604868235248,
    "values": [
      0.2184000015258789,
      0.4502999782562256,
      0.4407999813556671,
      0.30169999599456787,
      0.38439998030662537,
      0.3237999975681305,
      0.31610000133514404,
      0.3935000002384186,
      0.24629999697208405,
      0.37279999256134033,
      0.3093999922275543,
      0.24039998650550842,
      0.4745999872684479,
      0.46320000290870667,
      0.34049999713897705,
      0.3238999843597412,
      0.33709999918937683,
      0.26260000467300415,
      0.36809998750686646,
      0.32899999618530273,
      0.3513000011444092,
      0.2786000072956085,
      0.3969999849796295,
      0.4139999747276306,
      0.45179998874664307
    ]
  },
  "student_all": {
    "mean": 0.8257359743118287,
    "ci95": 0.01466773753193267,
    "values": [
      0.8673999905586243,
      0.7972999811172485,
      0.8360999822616577,
      0.8290999531745911,
      0.863099992275238,
      0.8464999794960022,
      0.8551999926567078,
      0.8025999665260315,
      0.7587999701499939,
      0.7382999658584595,
      0.8319000005722046,
      0.865399956703186,
      0.8449999690055847,
      0.8702999949455261,
      0.849399983882904,
      0.8265999555587769,
      0.7617999911308289,
      0.8206999897956848,
      0.8416999578475952,
      0.8280999660491943,
      0.8349999785423279,
      0.8036999702453613,
      0.8369999527931213,
      0.8761999607086182,
      0.7561999559402466
    ]
  },
  "xmodel_aux": {
    "mean": 0.1073439970612526,
    "ci95": 0.016637776884785772,
    "values": [
      0.1022999957203865,
      0.09099999815225601,
      0.09929999709129333,
      0.10189999639987946,
      0.16269999742507935,
      0.07239999622106552,
      0.08729999512434006,
      0.09889999777078629,
      0.24069999158382416,
      0.15950000286102295,
      0.16899999976158142,
      0.1054999977350235,
      0.11479999870061874,
      0.05329999700188637,
      0.07719999551773071,
      0.05790000036358833,
      0.09749999642372131,
      0.035099998116493225,
      0.09399999678134918,
      0.08749999850988388,
      0.1598999947309494,
      0.12349999696016312,
      0.09219999611377716,
      0.10189999639987946,
      0.09829999506473541
    ]
  },
  "xmodel_all": {
    "mean": 0.578183982372284,
    "ci95": 0.034779200758664086,
    "values": [
      0.5297999978065491,
      0.5178999900817871,
      0.6247999668121338,
      0.5045999884605408,
      0.5698999762535095,
      0.4438999891281128,
      0.3944000005722046,
      0.5812000036239624,
      0.7581999897956848,
      0.4854999780654907,
      0.545799970626831,
      0.6785999536514282,
      0.7156999707221985,
      0.715399980545044,
      0.5681999921798706,
      0.6669999957084656,
      0.6057999730110168,
      0.5472999811172485,
      0.5304999947547913,
      0.6455999612808228,
      0.5744999647140503,
      0.4884999990463257,
      0.618399977684021,
      0.6586999893188477,
      0.4843999743461609
    ]
  },
  "device": "cuda",
  "timestamp": "2026-02-11 22:02:15"
}