{
  "config": {
    "exp_name": "bs_64",
    "seed": 0,
    "n_models": 25,
    "m_ghost": 3,
    "lr": 0.0003,
    "epochs_teacher": 5,
    "epochs_distill": 5,
    "batch_size": 64,
    "hidden_dim": 256,
    "n_hidden_layers": 2,
    "activation": "relu",
    "init_scale": 1.0,
    "distill_data": "uniform",
    "temperature": 1.0,
    "init_noise": 0.0,
    "results_dir": "results_a",
    "plots_dir": "plots_a"
  },
  "reference": {
    "mean": 0.1022839978337288,
    "ci95": 0.013224802676877626,
    "values": [
      0.08949999511241913,
      0.20409999787807465,
      0.09869999438524246,
      0.04600000008940697,
      0.06030000001192093,
      0.08489999920129776,
      0.08410000056028366,
      0.08649999648332596,
      0.07490000128746033,
      0.11979999393224716,
      0.14090000092983246,
      0.09429999440908432,
      0.10359999537467957,
      0.18029999732971191,
      0.08289999514818192,
      0.11949999630451202,
      0.10459999740123749,
      0.09719999879598618,
      0.11180000007152557,
      0.10289999842643738,
      0.09730000048875809,
      0.10239999741315842,
      0.11569999903440475,
      0.05329999700188637,
      0.10159999877214432
    ]
  },
  "teacher": {
    "mean": 0.972519977092743,
    "ci95": 0.0007892356777556709,
    "values": [
      0.97079998254776,
      0.9723999500274658,
      0.9722999930381775,
      0.9750999808311462,
      0.9688999652862549,
      0.9747999906539917,
      0.9736999869346619,
      0.9751999974250793,
      0.9717999696731567,
      0.9739999771118164,
      0.9747999906539917,
      0.9723999500274658,
      0.9714999794960022,
      0.9682999849319458,
      0.9715999960899353,
      0.9682999849319458,
      0.9749999642372131,
      0.9713999629020691,
      0.9710999727249146,
      0.9738999605178833,
      0.9718999862670898,
      0.9750999808311462,
      0.973099946975708,
      0.9722999930381775,
      0.9732999801635742
    ]
  },
  "student_aux": {
    "mean": 0.7509599804878235,
    "ci95": 0.0238033897407297,
    "values": [
      0.6674999594688416,
      0.8048999905586243,
      0.7545999884605408,
      0.6632999777793884,
      0.8269000053405762,
      0.6462000012397766,
      0.7532999515533447,
      0.707099974155426,
      0.7782999873161316,
      0.6926000118255615,
      0.8499999642372131,
      0.7705000042915344,
      0.8093999624252319,
      0.8330000042915344,
      0.7579999566078186,
      0.6620999574661255,
      0.7731999754905701,
      0.7384999990463257,
      0.866599977016449,
      0.7348999977111816,
      0.7310999631881714,
      0.7006999850273132,
      0.7562999725341797,
      0.69159996509552,
      0.8033999800682068
    ]
  },
  "student_all": {
    "mean": 0.9678439807891845,
    "ci95": 0.0010915396606538338,
    "values": [
      0.9661999940872192,
      0.9679999947547913,
      0.965499997138977,
      0.972599983215332,
      0.967199981212616,
      0.9702000021934509,
      0.9702000021934509,
      0.9706999659538269,
      0.9682999849319458,
      0.9702000021934509,
      0.971299946308136,
      0.9674999713897705,
      0.9684999585151672,
      0.965499997138977,
      0.9663999676704407,
      0.9631999731063843,
      0.9710999727249146,
      0.9621999859809875,
      0.9633999466896057,
      0.9702000021934509,
      0.9648000001907349,
      0.9703999757766724,
      0.9699999690055847,
      0.9650999903678894,
      0.9673999547958374
    ]
  },
  "xmodel_aux": {
    "mean": 0.14058799505233766,
    "ci95": 0.05520158231458226,
    "values": [
      0.08879999816417694,
      0.030799999833106995,
      0.1119999960064888,
      0.10109999775886536,
      0.13920000195503235,
      0.10329999774694443,
      0.1111999973654747,
      0.09609999507665634,
      0.8053999543190002,
      0.1695999950170517,
      0.23249998688697815,
      0.10869999974966049,
      0.10740000009536743,
      0.1476999968290329,
      0.12029999494552612,
      0.06109999865293503,
      0.0714000016450882,
      0.08669999986886978,
      0.12879998981952667,
      0.11319999396800995,
      0.13729999959468842,
      0.0819999948143959,
      0.14319999516010284,
      0.11719999462366104,
      0.09969999641180038
    ]
  },
  "xmodel_all": {
    "mean": 0.8315079808235168,
    "ci95": 0.02048700676748897,
    "values": [
      0.8794999718666077,
      0.8737999796867371,
      0.8194999694824219,
      0.8104000091552734,
      0.7989999651908875,
      0.7678999900817871,
      0.8652999997138977,
      0.8175999522209167,
      0.9667999744415283,
      0.8513000011444092,
      0.9128999710083008,
      0.7931999564170837,
      0.8285999894142151,
      0.8066999912261963,
      0.8723999857902527,
      0.8352999687194824,
      0.7635999917984009,
      0.7859999537467957,
      0.7918999791145325,
      0.7723000049591064,
      0.8721999526023865,
      0.8986999988555908,
      0.8687999844551086,
      0.7523999810218811,
      0.7815999984741211
    ]
  },
  "device": "cuda",
  "timestamp": "2026-02-11 22:01:05"
}