{
  "config": {
    "exp_name": "distill_gaussian",
    "seed": 0,
    "n_models": 25,
    "m_ghost": 3,
    "lr": 0.0003,
    "epochs_teacher": 5,
    "epochs_distill": 5,
    "batch_size": 1024,
    "hidden_dim": 256,
    "n_hidden_layers": 2,
    "activation": "relu",
    "init_scale": 1.0,
    "distill_data": "gaussian",
    "temperature": 1.0,
    "results_dir": "results_a",
    "plots_dir": "plots_a"
  },
  "reference": {
    "mean": 0.1022839978337288,
    "ci95": 0.013224802676877626,
    "values": [
      0.08949999511241913,
      0.20409999787807465,
      0.09869999438524246,
      0.04600000008940697,
      0.06030000001192093,
      0.08489999920129776,
      0.08410000056028366,
      0.08649999648332596,
      0.07490000128746033,
      0.11979999393224716,
      0.14090000092983246,
      0.09429999440908432,
      0.10359999537467957,
      0.18029999732971191,
      0.08289999514818192,
      0.11949999630451202,
      0.10459999740123749,
      0.09719999879598618,
      0.11180000007152557,
      0.10289999842643738,
      0.09730000048875809,
      0.10239999741315842,
      0.11569999903440475,
      0.05329999700188637,
      0.10159999877214432
    ]
  },
  "teacher": {
    "mean": 0.943227984905243,
    "ci95": 0.0006905016874590705,
    "values": [
      0.9440000057220459,
      0.9422000050544739,
      0.9465000033378601,
      0.942799985408783,
      0.9398999810218811,
      0.9429999589920044,
      0.9434999823570251,
      0.9429999589920044,
      0.9425999522209167,
      0.9438999891281128,
      0.9434999823570251,
      0.9451999664306641,
      0.9409999847412109,
      0.9422000050544739,
      0.9413999915122986,
      0.9430999755859375,
      0.9447000026702881,
      0.9419999718666077,
      0.9442999958992004,
      0.9443999528884888,
      0.9453999996185303,
      0.9384999871253967,
      0.9442999958992004,
      0.9453999996185303,
      0.9438999891281128
    ]
  },
  "student_aux": {
    "mean": 0.5434599792957306,
    "ci95": 0.03812711874359166,
    "values": [
      0.3407000005245209,
      0.6638999581336975,
      0.5327000021934509,
      0.48539999127388,
      0.6072999835014343,
      0.44769999384880066,
      0.587399959564209,
      0.6092999577522278,
      0.6060999631881714,
      0.4761999845504761,
      0.6566999554634094,
      0.36579999327659607,
      0.654699981212616,
      0.675000011920929,
      0.6609999537467957,
      0.36649999022483826,
      0.5982999801635742,
      0.4511999785900116,
      0.5620999932289124,
      0.5268999934196472,
      0.46769997477531433,
      0.4714999794960022,
      0.608299970626831,
      0.5805999636650085,
      0.5834999680519104
    ]
  },
  "student_all": {
    "mean": 0.9053119778633117,
    "ci95": 0.005660289476628904,
    "values": [
      0.9192000031471252,
      0.899899959564209,
      0.895799994468689,
      0.9084999561309814,
      0.9114999771118164,
      0.9073999524116516,
      0.9150999784469604,
      0.9071999788284302,
      0.9122999906539917,
      0.8916999697685242,
      0.9072999954223633,
      0.9250999689102173,
      0.8930000066757202,
      0.91839998960495,
      0.9151999950408936,
      0.9090999960899353,
      0.8729999661445618,
      0.8930999636650085,
      0.9161999821662903,
      0.9179999828338623,
      0.9174000024795532,
      0.8694999814033508,
      0.8807999491691589,
      0.9102999567985535,
      0.9177999496459961
    ]
  },
  "xmodel_aux": {
    "mean": 0.12319199532270432,
    "ci95": 0.04026499176925505,
    "values": [
      0.09839999675750732,
      0.09030000120401382,
      0.09699999541044235,
      0.10289999842643738,
      0.13259999454021454,
      0.09429999440908432,
      0.06780000030994415,
      0.0916999951004982,
      0.5938999652862549,
      0.16409999132156372,
      0.2011999934911728,
      0.12069999426603317,
      0.09619999676942825,
      0.05509999766945839,
      0.08399999886751175,
      0.06300000101327896,
      0.09479999542236328,
      0.03269999846816063,
      0.08919999748468399,
      0.08169999718666077,
      0.18359999358654022,
      0.10969999432563782,
      0.11559999734163284,
      0.11169999837875366,
      0.10759999603033066
    ]
  },
  "xmodel_all": {
    "mean": 0.7297959756851197,
    "ci95": 0.0223382193962323,
    "values": [
      0.6884999871253967,
      0.7559999823570251,
      0.6919999718666077,
      0.6859999895095825,
      0.7252999544143677,
      0.6583999991416931,
      0.6883999705314636,
      0.7360999584197998,
      0.9116999506950378,
      0.66839998960495,
      0.7874000072479248,
      0.7494999766349792,
      0.7374999523162842,
      0.7937999963760376,
      0.7834999561309814,
      0.755899965763092,
      0.6347999572753906,
      0.7166000008583069,
      0.7173999547958374,
      0.8169999718666077,
      0.7057999968528748,
      0.733199954032898,
      0.6926999688148499,
      0.7110999822616577,
      0.6978999972343445
    ]
  },
  "device": "cuda",
  "timestamp": "2026-02-11 21:41:53"
}