{
  "config": {
    "exp_name": "distill_shuffled_pixels",
    "seed": 0,
    "n_models": 25,
    "m_ghost": 3,
    "lr": 0.0003,
    "epochs_teacher": 5,
    "epochs_distill": 5,
    "batch_size": 1024,
    "hidden_dim": 256,
    "n_hidden_layers": 2,
    "activation": "relu",
    "init_scale": 1.0,
    "distill_data": "shuffled_pixels",
    "temperature": 1.0,
    "results_dir": "results_a",
    "plots_dir": "plots_a"
  },
  "reference": {
    "mean": 0.09535999685525894,
    "ci95": 0.007023572198856026,
    "values": [
      0.08339999616146088,
      0.11339999735355377,
      0.07939999550580978,
      0.12439999729394913,
      0.08419999480247498,
      0.09799999743700027,
      0.12939999997615814,
      0.09719999879598618,
      0.06679999828338623,
      0.11669999361038208,
      0.0843999981880188,
      0.08639999479055405,
      0.1232999935746193,
      0.08959999680519104,
      0.09549999982118607,
      0.07239999622106552,
      0.1021999940276146,
      0.08699999749660492,
      0.08760000020265579,
      0.10489999502897263,
      0.0940999984741211,
      0.08879999816417694,
      0.12549999356269836,
      0.08649999648332596,
      0.06289999932050705
    ]
  },
  "teacher": {
    "mean": 0.9430199837684632,
    "ci95": 0.0008081678863471753,
    "values": [
      0.9431999921798706,
      0.9444999694824219,
      0.9447000026702881,
      0.941100001335144,
      0.9387999773025513,
      0.9389999508857727,
      0.9437999725341797,
      0.9442999958992004,
      0.942799985408783,
      0.9461999535560608,
      0.9456999897956848,
      0.9418999552726746,
      0.9424999952316284,
      0.9440999627113342,
      0.9440000057220459,
      0.9399999976158142,
      0.9419999718666077,
      0.9399999976158142,
      0.9414999485015869,
      0.9440000057220459,
      0.9429000020027161,
      0.9447000026702881,
      0.9467999935150146,
      0.9431999921798706,
      0.9437999725341797
    ]
  },
  "student_aux": {
    "mean": 0.17804399386048317,
    "ci95": 0.024424890144724105,
    "values": [
      0.2029999941587448,
      0.24129998683929443,
      0.15429998934268951,
      0.27379998564720154,
      0.1744999885559082,
      0.14959999918937683,
      0.24650000035762787,
      0.12239999324083328,
      0.1460999995470047,
      0.09259999543428421,
      0.14579999446868896,
      0.10619999468326569,
      0.24229998886585236,
      0.23719999194145203,
      0.23269999027252197,
      0.2683999836444855,
      0.14149999618530273,
      0.24549999833106995,
      0.27390000224113464,
      0.061799999326467514,
      0.18209999799728394,
      0.09309999644756317,
      0.14559999108314514,
      0.147599995136261,
      0.1232999935746193
    ]
  },
  "student_all": {
    "mean": 0.8224119830131531,
    "ci95": 0.010626107341733016,
    "values": [
      0.7671999931335449,
      0.8430999517440796,
      0.8105999827384949,
      0.8592000007629395,
      0.7703999876976013,
      0.8237999677658081,
      0.8323999643325806,
      0.7856000065803528,
      0.8327999711036682,
      0.8032999634742737,
      0.8183000087738037,
      0.8233000040054321,
      0.8621999621391296,
      0.8579999804496765,
      0.821399986743927,
      0.8460999727249146,
      0.8166999816894531,
      0.7985000014305115,
      0.8294000029563904,
      0.8282999992370605,
      0.8053999543190002,
      0.7854999899864197,
      0.8180999755859375,
      0.8673999905586243,
      0.8532999753952026
    ]
  },
  "xmodel_aux": {
    "mean": 0.10382399693131447,
    "ci95": 0.01169848970212187,
    "values": [
      0.09779999405145645,
      0.09919999539852142,
      0.156700000166893,
      0.1103999987244606,
      0.10099999606609344,
      0.09649999439716339,
      0.09539999812841415,
      0.09799999743700027,
      0.1005999967455864,
      0.1127999946475029,
      0.17389999330043793,
      0.08009999990463257,
      0.12600000202655792,
      0.05739999935030937,
      0.0973999947309494,
      0.054499998688697815,
      0.10339999943971634,
      0.10249999910593033,
      0.07819999754428864,
      0.06769999861717224,
      0.1800999939441681,
      0.1021999940276146,
      0.10009999573230743,
      0.08299999684095383,
      0.12069999426603317
    ]
  },
  "xmodel_all": {
    "mean": 0.7238039886951446,
    "ci95": 0.03126785375184846,
    "values": [
      0.6718999743461609,
      0.7759000062942505,
      0.7041999697685242,
      0.7597999572753906,
      0.576200008392334,
      0.7734000086784363,
      0.725600004196167,
      0.6875,
      0.7405999898910522,
      0.691100001335144,
      0.7827999591827393,
      0.7398999929428101,
      0.7590000033378601,
      0.7791000008583069,
      0.6761999726295471,
      0.7394999861717224,
      0.725600004196167,
      0.738099992275238,
      0.7872999906539917,
      0.8259999752044678,
      0.8150999546051025,
      0.4287000000476837,
      0.7139999866485596,
      0.7827000021934509,
      0.6948999762535095
    ]
  },
  "device": "cuda",
  "timestamp": "2026-02-11 21:42:17"
}