{
  "config": {
    "exp_name": "initnoise_0.01",
    "seed": 0,
    "n_models": 25,
    "m_ghost": 3,
    "lr": 0.0003,
    "epochs_teacher": 5,
    "epochs_distill": 5,
    "batch_size": 1024,
    "hidden_dim": 256,
    "n_hidden_layers": 2,
    "activation": "relu",
    "init_scale": 1.0,
    "distill_data": "uniform",
    "temperature": 1.0,
    "init_noise": 0.01,
    "results_dir": "results_a",
    "plots_dir": "plots_a"
  },
  "reference": {
    "mean": 0.1022839978337288,
    "ci95": 0.013224802676877626,
    "values": [
      0.08949999511241913,
      0.20409999787807465,
      0.09869999438524246,
      0.04600000008940697,
      0.06030000001192093,
      0.08489999920129776,
      0.08410000056028366,
      0.08649999648332596,
      0.07490000128746033,
      0.11979999393224716,
      0.14090000092983246,
      0.09429999440908432,
      0.10359999537467957,
      0.18029999732971191,
      0.08289999514818192,
      0.11949999630451202,
      0.10459999740123749,
      0.09719999879598618,
      0.11180000007152557,
      0.10289999842643738,
      0.09730000048875809,
      0.10239999741315842,
      0.11569999903440475,
      0.05329999700188637,
      0.10159999877214432
    ]
  },
  "teacher": {
    "mean": 0.943227984905243,
    "ci95": 0.0006905016874590705,
    "values": [
      0.9440000057220459,
      0.9422000050544739,
      0.9465000033378601,
      0.942799985408783,
      0.9398999810218811,
      0.9429999589920044,
      0.9434999823570251,
      0.9429999589920044,
      0.9425999522209167,
      0.9438999891281128,
      0.9434999823570251,
      0.9451999664306641,
      0.9409999847412109,
      0.9422000050544739,
      0.9413999915122986,
      0.9430999755859375,
      0.9447000026702881,
      0.9419999718666077,
      0.9442999958992004,
      0.9443999528884888,
      0.9453999996185303,
      0.9384999871253967,
      0.9442999958992004,
      0.9453999996185303,
      0.9438999891281128
    ]
  },
  "student_aux": {
    "mean": 0.39339199125766755,
    "ci95": 0.03837981259923194,
    "values": [
      0.20679999887943268,
      0.5819000005722046,
      0.4765999913215637,
      0.3861999809741974,
      0.41279998421669006,
      0.2728999853134155,
      0.29589998722076416,
      0.38659998774528503,
      0.48079997301101685,
      0.41269999742507935,
      0.498199999332428,
      0.28110000491142273,
      0.5462999939918518,
      0.4778999984264374,
      0.4633999764919281,
      0.3164999783039093,
      0.3528999984264374,
      0.30629998445510864,
      0.33889999985694885,
      0.40139999985694885,
      0.26100000739097595,
      0.27959999442100525,
      0.4152999818325043,
      0.4560000002384186,
      0.5267999768257141
    ]
  },
  "student_all": {
    "mean": 0.893063976764679,
    "ci95": 0.00807155061030209,
    "values": [
      0.9167999625205994,
      0.8901000022888184,
      0.8926999568939209,
      0.8912999629974365,
      0.898099958896637,
      0.8859999775886536,
      0.9107999801635742,
      0.887499988079071,
      0.9053999781608582,
      0.8400999903678894,
      0.9079999923706055,
      0.9159999489784241,
      0.8745999932289124,
      0.9127999544143677,
      0.9052000045776367,
      0.902899980545044,
      0.8716999888420105,
      0.8800999522209167,
      0.901699960231781,
      0.9111999869346619,
      0.9039999842643738,
      0.8467999696731567,
      0.8580999970436096,
      0.9059999585151672,
      0.9086999893188477
    ]
  },
  "xmodel_aux": {
    "mean": 0.12472399607300759,
    "ci95": 0.030796411076206443,
    "values": [
      0.08259999752044678,
      0.1136000007390976,
      0.09789999574422836,
      0.10579999536275864,
      0.186599999666214,
      0.0794999971985817,
      0.13169999420642853,
      0.09149999916553497,
      0.4728999733924866,
      0.11109999567270279,
      0.1623999923467636,
      0.09369999915361404,
      0.11859999597072601,
      0.10199999809265137,
      0.08559999614953995,
      0.07889999449253082,
      0.10359999537467957,
      0.044099997729063034,
      0.12379999458789825,
      0.08150000125169754,
      0.1981000006198883,
      0.147599995136261,
      0.1005999967455864,
      0.10170000046491623,
      0.10269999504089355
    ]
  },
  "xmodel_all": {
    "mean": 0.7258559823036194,
    "ci95": 0.02199599395830304,
    "values": [
      0.7038999795913696,
      0.7268999814987183,
      0.701200008392334,
      0.6506999731063843,
      0.7350999712944031,
      0.6723999977111816,
      0.6589999794960022,
      0.7410999536514282,
      0.9041000008583069,
      0.6793000102043152,
      0.790399968624115,
      0.7662999629974365,
      0.7416999936103821,
      0.7899999618530273,
      0.7815999984741211,
      0.7534999847412109,
      0.6417999863624573,
      0.7116000056266785,
      0.6807999610900879,
      0.7579999566078186,
      0.7263000011444092,
      0.738599956035614,
      0.7073999643325806,
      0.7328000068664551,
      0.6518999934196472
    ]
  },
  "device": "cuda",
  "timestamp": "2026-02-11 22:03:20"
}