{
  "config": {
    "exp_name": "initnoise_0.5",
    "seed": 0,
    "n_models": 25,
    "m_ghost": 3,
    "lr": 0.0003,
    "epochs_teacher": 5,
    "epochs_distill": 5,
    "batch_size": 1024,
    "hidden_dim": 256,
    "n_hidden_layers": 2,
    "activation": "relu",
    "init_scale": 1.0,
    "distill_data": "uniform",
    "temperature": 1.0,
    "init_noise": 0.5,
    "results_dir": "results_a",
    "plots_dir": "plots_a"
  },
  "reference": {
    "mean": 0.1022839978337288,
    "ci95": 0.013224802676877626,
    "values": [
      0.08949999511241913,
      0.20409999787807465,
      0.09869999438524246,
      0.04600000008940697,
      0.06030000001192093,
      0.08489999920129776,
      0.08410000056028366,
      0.08649999648332596,
      0.07490000128746033,
      0.11979999393224716,
      0.14090000092983246,
      0.09429999440908432,
      0.10359999537467957,
      0.18029999732971191,
      0.08289999514818192,
      0.11949999630451202,
      0.10459999740123749,
      0.09719999879598618,
      0.11180000007152557,
      0.10289999842643738,
      0.09730000048875809,
      0.10239999741315842,
      0.11569999903440475,
      0.05329999700188637,
      0.10159999877214432
    ]
  },
  "teacher": {
    "mean": 0.943227984905243,
    "ci95": 0.0006905016874590705,
    "values": [
      0.9440000057220459,
      0.9422000050544739,
      0.9465000033378601,
      0.942799985408783,
      0.9398999810218811,
      0.9429999589920044,
      0.9434999823570251,
      0.9429999589920044,
      0.9425999522209167,
      0.9438999891281128,
      0.9434999823570251,
      0.9451999664306641,
      0.9409999847412109,
      0.9422000050544739,
      0.9413999915122986,
      0.9430999755859375,
      0.9447000026702881,
      0.9419999718666077,
      0.9442999958992004,
      0.9443999528884888,
      0.9453999996185303,
      0.9384999871253967,
      0.9442999958992004,
      0.9453999996185303,
      0.9438999891281128
    ]
  },
  "student_aux": {
    "mean": 0.10314799755811692,
    "ci95": 0.011270659767036487,
    "values": [
      0.1314999908208847,
      0.09129999577999115,
      0.06159999966621399,
      0.10559999942779541,
      0.10669999569654465,
      0.11419999599456787,
      0.08879999816417694,
      0.055799998342990875,
      0.10109999775886536,
      0.1574999988079071,
      0.11129999905824661,
      0.10679999738931656,
      0.07000000029802322,
      0.09839999675750732,
      0.11339999735355377,
      0.1062999963760376,
      0.07939999550580978,
      0.050999999046325684,
      0.15289999544620514,
      0.16210000216960907,
      0.10999999940395355,
      0.08240000158548355,
      0.0916999951004982,
      0.1371999979019165,
      0.0916999951004982
    ]
  },
  "student_all": {
    "mean": 0.13457599610090257,
    "ci95": 0.01091427839899707,
    "values": [
      0.17090000212192535,
      0.10849999636411667,
      0.1322999894618988,
      0.17469999194145203,
      0.13120000064373016,
      0.13449999690055847,
      0.0949999988079071,
      0.12239999324083328,
      0.14819999039173126,
      0.14549998939037323,
      0.15119999647140503,
      0.12359999865293503,
      0.1030999943614006,
      0.11989999562501907,
      0.14409999549388885,
      0.10929999500513077,
      0.1809999942779541,
      0.1371999979019165,
      0.15489999949932098,
      0.11599999666213989,
      0.13580000400543213,
      0.1387999951839447,
      0.20319999754428864,
      0.08649999648332596,
      0.0965999960899353
    ]
  },
  "xmodel_aux": {
    "mean": 0.10358799830079078,
    "ci95": 0.01146330968373541,
    "values": [
      0.09049999713897705,
      0.05460000038146973,
      0.0843999981880188,
      0.16210000216960907,
      0.11229999363422394,
      0.16200000047683716,
      0.13120000064373016,
      0.11079999804496765,
      0.10089999437332153,
      0.0957999974489212,
      0.09799999743700027,
      0.15379999577999115,
      0.0625,
      0.10449999570846558,
      0.07569999992847443,
      0.1054999977350235,
      0.05130000039935112,
      0.14090000092983246,
      0.1136000007390976,
      0.10779999941587448,
      0.09349999576807022,
      0.09229999780654907,
      0.11249999701976776,
      0.1022999957203865,
      0.07090000063180923
    ]
  },
  "xmodel_all": {
    "mean": 0.13223199635744096,
    "ci95": 0.010039043516892708,
    "values": [
      0.09369999915361404,
      0.11629999428987503,
      0.14829999208450317,
      0.13930000364780426,
      0.147599995136261,
      0.11869999766349792,
      0.16669999063014984,
      0.13199999928474426,
      0.15129999816417694,
      0.10329999774694443,
      0.12549999356269836,
      0.15799999237060547,
      0.12709999084472656,
      0.1622999906539917,
      0.17839999496936798,
      0.1403999924659729,
      0.1348000019788742,
      0.07939999550580978,
      0.13220000267028809,
      0.12700000405311584,
      0.10579999536275864,
      0.17839999496936798,
      0.13689999282360077,
      0.10830000042915344,
      0.0940999984741211
    ]
  },
  "device": "cuda",
  "timestamp": "2026-02-11 22:04:25"
}