{
  "config": {
    "exp_name": "initnoise_0.05",
    "seed": 0,
    "n_models": 25,
    "m_ghost": 3,
    "lr": 0.0003,
    "epochs_teacher": 5,
    "epochs_distill": 5,
    "batch_size": 1024,
    "hidden_dim": 256,
    "n_hidden_layers": 2,
    "activation": "relu",
    "init_scale": 1.0,
    "distill_data": "uniform",
    "temperature": 1.0,
    "init_noise": 0.05,
    "results_dir": "results_a",
    "plots_dir": "plots_a"
  },
  "reference": {
    "mean": 0.1022839978337288,
    "ci95": 0.013224802676877626,
    "values": [
      0.08949999511241913,
      0.20409999787807465,
      0.09869999438524246,
      0.04600000008940697,
      0.06030000001192093,
      0.08489999920129776,
      0.08410000056028366,
      0.08649999648332596,
      0.07490000128746033,
      0.11979999393224716,
      0.14090000092983246,
      0.09429999440908432,
      0.10359999537467957,
      0.18029999732971191,
      0.08289999514818192,
      0.11949999630451202,
      0.10459999740123749,
      0.09719999879598618,
      0.11180000007152557,
      0.10289999842643738,
      0.09730000048875809,
      0.10239999741315842,
      0.11569999903440475,
      0.05329999700188637,
      0.10159999877214432
    ]
  },
  "teacher": {
    "mean": 0.943227984905243,
    "ci95": 0.0006905016874590705,
    "values": [
      0.9440000057220459,
      0.9422000050544739,
      0.9465000033378601,
      0.942799985408783,
      0.9398999810218811,
      0.9429999589920044,
      0.9434999823570251,
      0.9429999589920044,
      0.9425999522209167,
      0.9438999891281128,
      0.9434999823570251,
      0.9451999664306641,
      0.9409999847412109,
      0.9422000050544739,
      0.9413999915122986,
      0.9430999755859375,
      0.9447000026702881,
      0.9419999718666077,
      0.9442999958992004,
      0.9443999528884888,
      0.9453999996185303,
      0.9384999871253967,
      0.9442999958992004,
      0.9453999996185303,
      0.9438999891281128
    ]
  },
  "student_aux": {
    "mean": 0.10515199661254883,
    "ci95": 0.0074628244248890665,
    "values": [
      0.10269999504089355,
      0.1386999934911728,
      0.13210000097751617,
      0.11539999395608902,
      0.09519999474287033,
      0.05939999967813492,
      0.0892999991774559,
      0.12870000302791595,
      0.13109999895095825,
      0.13339999318122864,
      0.08949999511241913,
      0.0819999948143959,
      0.09679999947547913,
      0.10329999774694443,
      0.12289999425411224,
      0.10349999368190765,
      0.07899999618530273,
      0.12299999594688416,
      0.09349999576807022,
      0.11339999735355377,
      0.10539999604225159,
      0.0973999947309494,
      0.09969999641180038,
      0.09369999915361404,
      0.09969999641180038
    ]
  },
  "student_all": {
    "mean": 0.6339719831943512,
    "ci95": 0.02876850332080345,
    "values": [
      0.6121999621391296,
      0.705299973487854,
      0.5769999623298645,
      0.648099958896637,
      0.6967999935150146,
      0.4422999918460846,
      0.673799991607666,
      0.6139000058174133,
      0.64410001039505,
      0.503600001335144,
      0.5907999873161316,
      0.7038999795913696,
      0.6444000005722046,
      0.6987999677658081,
      0.7252999544143677,
      0.7371999621391296,
      0.6341999769210815,
      0.5859999656677246,
      0.5163999795913696,
      0.7639999985694885,
      0.628600001335144,
      0.6624999642372131,
      0.6342999935150146,
      0.6029999852180481,
      0.6028000116348267
    ]
  },
  "xmodel_aux": {
    "mean": 0.10044399738311767,
    "ci95": 0.00793621798949684,
    "values": [
      0.08429999649524689,
      0.13609999418258667,
      0.09699999541044235,
      0.12349999696016312,
      0.0925000011920929,
      0.09640000015497208,
      0.10359999537467957,
      0.0982000008225441,
      0.142099991440773,
      0.10080000013113022,
      0.1232999935746193,
      0.08089999854564667,
      0.11400000005960464,
      0.10499999672174454,
      0.09709999710321426,
      0.07180000096559525,
      0.08980000019073486,
      0.09290000051259995,
      0.11589999496936798,
      0.07239999622106552,
      0.10929999500513077,
      0.1256999969482422,
      0.05179999768733978,
      0.08999999612569809,
      0.09669999778270721
    ]
  },
  "xmodel_all": {
    "mean": 0.5953879821300506,
    "ci95": 0.021407843286510037,
    "values": [
      0.6141999959945679,
      0.5429999828338623,
      0.5848999619483948,
      0.5299999713897705,
      0.5537999868392944,
      0.5544999837875366,
      0.613099992275238,
      0.6075999736785889,
      0.6500999927520752,
      0.5428000092506409,
      0.597000002861023,
      0.6550999879837036,
      0.6310999989509583,
      0.7184999585151672,
      0.6471999883651733,
      0.6629999876022339,
      0.6158999800682068,
      0.4935999810695648,
      0.5823999643325806,
      0.6940999627113342,
      0.5681999921798706,
      0.5432999730110168,
      0.587399959564209,
      0.5723999738693237,
      0.5214999914169312
    ]
  },
  "device": "cuda",
  "timestamp": "2026-02-11 22:03:42"
}