{
  "config": {
    "exp_name": "initnoise_0.1",
    "seed": 0,
    "n_models": 25,
    "m_ghost": 3,
    "lr": 0.0003,
    "epochs_teacher": 5,
    "epochs_distill": 5,
    "batch_size": 1024,
    "hidden_dim": 256,
    "n_hidden_layers": 2,
    "activation": "relu",
    "init_scale": 1.0,
    "distill_data": "uniform",
    "temperature": 1.0,
    "init_noise": 0.1,
    "results_dir": "results_a",
    "plots_dir": "plots_a"
  },
  "reference": {
    "mean": 0.1022839978337288,
    "ci95": 0.013224802676877626,
    "values": [
      0.08949999511241913,
      0.20409999787807465,
      0.09869999438524246,
      0.04600000008940697,
      0.06030000001192093,
      0.08489999920129776,
      0.08410000056028366,
      0.08649999648332596,
      0.07490000128746033,
      0.11979999393224716,
      0.14090000092983246,
      0.09429999440908432,
      0.10359999537467957,
      0.18029999732971191,
      0.08289999514818192,
      0.11949999630451202,
      0.10459999740123749,
      0.09719999879598618,
      0.11180000007152557,
      0.10289999842643738,
      0.09730000048875809,
      0.10239999741315842,
      0.11569999903440475,
      0.05329999700188637,
      0.10159999877214432
    ]
  },
  "teacher": {
    "mean": 0.943227984905243,
    "ci95": 0.0006905016874590705,
    "values": [
      0.9440000057220459,
      0.9422000050544739,
      0.9465000033378601,
      0.942799985408783,
      0.9398999810218811,
      0.9429999589920044,
      0.9434999823570251,
      0.9429999589920044,
      0.9425999522209167,
      0.9438999891281128,
      0.9434999823570251,
      0.9451999664306641,
      0.9409999847412109,
      0.9422000050544739,
      0.9413999915122986,
      0.9430999755859375,
      0.9447000026702881,
      0.9419999718666077,
      0.9442999958992004,
      0.9443999528884888,
      0.9453999996185303,
      0.9384999871253967,
      0.9442999958992004,
      0.9453999996185303,
      0.9438999891281128
    ]
  },
  "student_aux": {
    "mean": 0.10686799764633179,
    "ci95": 0.006105620659860522,
    "values": [
      0.10909999907016754,
      0.11239999532699585,
      0.1119999960064888,
      0.09789999574422836,
      0.09049999713897705,
      0.09279999881982803,
      0.12600000202655792,
      0.1362999975681305,
      0.12849999964237213,
      0.09179999679327011,
      0.09849999845027924,
      0.09290000051259995,
      0.08739999681711197,
      0.11679999530315399,
      0.11249999701976776,
      0.121799997985363,
      0.08869999647140503,
      0.08020000159740448,
      0.1193000003695488,
      0.13409999012947083,
      0.08699999749660492,
      0.09769999980926514,
      0.11349999904632568,
      0.10889999568462372,
      0.11509999632835388
    ]
  },
  "student_all": {
    "mean": 0.23634799420833588,
    "ci95": 0.014668902746928137,
    "values": [
      0.24569998681545258,
      0.23189999163150787,
      0.20789998769760132,
      0.24959999322891235,
      0.3093000054359436,
      0.15349999070167542,
      0.2483999878168106,
      0.23999999463558197,
      0.2149999886751175,
      0.26350000500679016,
      0.24390000104904175,
      0.2222999930381775,
      0.2897999882698059,
      0.16259999573230743,
      0.2667999863624573,
      0.2879999876022339,
      0.20909999310970306,
      0.21949999034404755,
      0.2637999951839447,
      0.19359999895095825,
      0.26100000739097595,
      0.24489998817443848,
      0.2395000010728836,
      0.1784999966621399,
      0.2606000006198883
    ]
  },
  "xmodel_aux": {
    "mean": 0.10582799792289733,
    "ci95": 0.006450986487342604,
    "values": [
      0.12690000236034393,
      0.14499999582767487,
      0.09709999710321426,
      0.11549999564886093,
      0.09380000084638596,
      0.13199999928474426,
      0.10449999570846558,
      0.09049999713897705,
      0.13050000369548798,
      0.11509999632835388,
      0.10849999636411667,
      0.11620000004768372,
      0.10559999942779541,
      0.09849999845027924,
      0.08999999612569809,
      0.0965999960899353,
      0.07609999924898148,
      0.10929999500513077,
      0.11759999394416809,
      0.09309999644756317,
      0.10429999977350235,
      0.11019999533891678,
      0.09160000085830688,
      0.10170000046491623,
      0.0754999965429306
    ]
  },
  "xmodel_all": {
    "mean": 0.23800799548625945,
    "ci95": 0.018822710717991582,
    "values": [
      0.3068999946117401,
      0.2263999879360199,
      0.2352999895811081,
      0.2848999798297882,
      0.23819999396800995,
      0.23649999499320984,
      0.2012999951839447,
      0.33660000562667847,
      0.21689999103546143,
      0.2680000066757202,
      0.13490000367164612,
      0.25519999861717224,
      0.24699999392032623,
      0.20960000157356262,
      0.1972000002861023,
      0.32099997997283936,
      0.23759999871253967,
      0.19349999725818634,
      0.22190000116825104,
      0.21869999170303345,
      0.22209998965263367,
      0.26489999890327454,
      0.1339000016450882,
      0.24650000035762787,
      0.295199990272522
    ]
  },
  "device": "cuda",
  "timestamp": "2026-02-11 22:04:03"
}