{
  "config": {
    "exp_name": "initnoise_1.0",
    "seed": 0,
    "n_models": 25,
    "m_ghost": 3,
    "lr": 0.0003,
    "epochs_teacher": 5,
    "epochs_distill": 5,
    "batch_size": 1024,
    "hidden_dim": 256,
    "n_hidden_layers": 2,
    "activation": "relu",
    "init_scale": 1.0,
    "distill_data": "uniform",
    "temperature": 1.0,
    "init_noise": 1.0,
    "results_dir": "results_a",
    "plots_dir": "plots_a"
  },
  "reference": {
    "mean": 0.1022839978337288,
    "ci95": 0.013224802676877626,
    "values": [
      0.08949999511241913,
      0.20409999787807465,
      0.09869999438524246,
      0.04600000008940697,
      0.06030000001192093,
      0.08489999920129776,
      0.08410000056028366,
      0.08649999648332596,
      0.07490000128746033,
      0.11979999393224716,
      0.14090000092983246,
      0.09429999440908432,
      0.10359999537467957,
      0.18029999732971191,
      0.08289999514818192,
      0.11949999630451202,
      0.10459999740123749,
      0.09719999879598618,
      0.11180000007152557,
      0.10289999842643738,
      0.09730000048875809,
      0.10239999741315842,
      0.11569999903440475,
      0.05329999700188637,
      0.10159999877214432
    ]
  },
  "teacher": {
    "mean": 0.943227984905243,
    "ci95": 0.0006905016874590705,
    "values": [
      0.9440000057220459,
      0.9422000050544739,
      0.9465000033378601,
      0.942799985408783,
      0.9398999810218811,
      0.9429999589920044,
      0.9434999823570251,
      0.9429999589920044,
      0.9425999522209167,
      0.9438999891281128,
      0.9434999823570251,
      0.9451999664306641,
      0.9409999847412109,
      0.9422000050544739,
      0.9413999915122986,
      0.9430999755859375,
      0.9447000026702881,
      0.9419999718666077,
      0.9442999958992004,
      0.9443999528884888,
      0.9453999996185303,
      0.9384999871253967,
      0.9442999958992004,
      0.9453999996185303,
      0.9438999891281128
    ]
  },
  "student_aux": {
    "mean": 0.10501999840140343,
    "ci95": 0.011918146010413423,
    "values": [
      0.12839999794960022,
      0.09950000047683716,
      0.0674000009894371,
      0.10239999741315842,
      0.10489999502897263,
      0.11129999905824661,
      0.09209999442100525,
      0.05249999836087227,
      0.09929999709129333,
      0.15760000050067902,
      0.11339999735355377,
      0.11490000039339066,
      0.0778999999165535,
      0.09799999743700027,
      0.12960000336170197,
      0.0982000008225441,
      0.08619999885559082,
      0.04749999940395355,
      0.16599999368190765,
      0.16259999573230743,
      0.11270000040531158,
      0.07239999622106552,
      0.09489999711513519,
      0.1451999992132187,
      0.09059999883174896
    ]
  },
  "student_all": {
    "mean": 0.12148799717426301,
    "ci95": 0.010258005789979542,
    "values": [
      0.14159999787807465,
      0.09769999980926514,
      0.10859999805688858,
      0.1622999906539917,
      0.11089999973773956,
      0.17159999907016754,
      0.08190000057220459,
      0.08129999786615372,
      0.13439999520778656,
      0.1070999950170517,
      0.13650000095367432,
      0.11169999837875366,
      0.09879999607801437,
      0.11909999698400497,
      0.13109999895095825,
      0.10319999605417252,
      0.1647000014781952,
      0.14659999310970306,
      0.13570000231266022,
      0.10779999941587448,
      0.12309999763965607,
      0.13329999148845673,
      0.15699999034404755,
      0.08429999649524689,
      0.08689999580383301
    ]
  },
  "xmodel_aux": {
    "mean": 0.1057639978826046,
    "ci95": 0.012202525790545026,
    "values": [
      0.09209999442100525,
      0.05069999769330025,
      0.07369999587535858,
      0.1598999947309494,
      0.11299999803304672,
      0.16120000183582306,
      0.12999999523162842,
      0.11649999767541885,
      0.09969999641180038,
      0.09319999814033508,
      0.09809999912977219,
      0.16920000314712524,
      0.06719999760389328,
      0.1022999957203865,
      0.08410000056028366,
      0.1054999977350235,
      0.04779999703168869,
      0.14869999885559082,
      0.13169999420642853,
      0.11789999902248383,
      0.10109999775886536,
      0.09549999982118607,
      0.10920000076293945,
      0.09719999879598618,
      0.07859999686479568
    ]
  },
  "xmodel_all": {
    "mean": 0.12020399630069732,
    "ci95": 0.010317347020787812,
    "values": [
      0.09030000120401382,
      0.08249999582767487,
      0.13259999454021454,
      0.10480000078678131,
      0.13529999554157257,
      0.10759999603033066,
      0.147599995136261,
      0.11219999939203262,
      0.1347000002861023,
      0.08639999479055405,
      0.13409999012947083,
      0.13449999690055847,
      0.10819999873638153,
      0.15539999306201935,
      0.1622999906539917,
      0.1184999942779541,
      0.1459999978542328,
      0.07509999722242355,
      0.12159999459981918,
      0.10899999737739563,
      0.09749999642372131,
      0.14000000059604645,
      0.17909999191761017,
      0.09789999574422836,
      0.09189999848604202
    ]
  },
  "device": "cuda",
  "timestamp": "2026-02-11 22:04:47"
}