{
  "config": {
    "exp_name": "lr_1e-4",
    "seed": 0,
    "n_models": 25,
    "m_ghost": 3,
    "lr": 0.0001,
    "epochs_teacher": 5,
    "epochs_distill": 5,
    "batch_size": 1024,
    "hidden_dim": 256,
    "n_hidden_layers": 2,
    "activation": "relu",
    "init_scale": 1.0,
    "distill_data": "uniform",
    "temperature": 1.0,
    "results_dir": "results_a",
    "plots_dir": "plots_a"
  },
  "reference": {
    "mean": 0.1022839978337288,
    "ci95": 0.013224802676877626,
    "values": [
      0.08949999511241913,
      0.20409999787807465,
      0.09869999438524246,
      0.04600000008940697,
      0.06030000001192093,
      0.08489999920129776,
      0.08410000056028366,
      0.08649999648332596,
      0.07490000128746033,
      0.11979999393224716,
      0.14090000092983246,
      0.09429999440908432,
      0.10359999537467957,
      0.18029999732971191,
      0.08289999514818192,
      0.11949999630451202,
      0.10459999740123749,
      0.09719999879598618,
      0.11180000007152557,
      0.10289999842643738,
      0.09730000048875809,
      0.10239999741315842,
      0.11569999903440475,
      0.05329999700188637,
      0.10159999877214432
    ]
  },
  "teacher": {
    "mean": 0.918171980381012,
    "ci95": 0.0007508837575127801,
    "values": [
      0.9160999655723572,
      0.9178999662399292,
      0.9190999865531921,
      0.9185000061988831,
      0.9182999730110168,
      0.9168999791145325,
      0.9211999773979187,
      0.9197999835014343,
      0.9200999736785889,
      0.9138999581336975,
      0.9175999760627747,
      0.9186999797821045,
      0.9126999974250793,
      0.9157999753952026,
      0.9179999828338623,
      0.9174000024795532,
      0.9193999767303467,
      0.9185000061988831,
      0.920699954032898,
      0.920199990272522,
      0.9192000031471252,
      0.9182999730110168,
      0.9182999730110168,
      0.9186999797821045,
      0.918999969959259
    ]
  },
  "student_aux": {
    "mean": 0.3176319921016693,
    "ci95": 0.027509612951985663,
    "values": [
      0.16939999163150787,
      0.36249998211860657,
      0.3982999920845032,
      0.22119998931884766,
      0.3375999927520752,
      0.2540000081062317,
      0.2466999888420105,
      0.3041999936103821,
      0.2924000024795532,
      0.32659998536109924,
      0.3471999764442444,
      0.23339998722076416,
      0.4408999979496002,
      0.41279998421669006,
      0.34790000319480896,
      0.27570000290870667,
      0.343099981546402,
      0.2678000032901764,
      0.3164999783039093,
      0.3082999885082245,
      0.30159997940063477,
      0.218299999833107,
      0.37619999051094055,
      0.4377000033855438,
      0.40049999952316284
    ]
  },
  "student_all": {
    "mean": 0.8543839859962463,
    "ci95": 0.011586781266309586,
    "values": [
      0.8601999878883362,
      0.8658999800682068,
      0.8562999963760376,
      0.8468999862670898,
      0.8467999696731567,
      0.8384000062942505,
      0.8720999956130981,
      0.8797000050544739,
      0.8445000052452087,
      0.7447999715805054,
      0.8422999978065491,
      0.87909996509552,
      0.8718000054359436,
      0.8855999708175659,
      0.8679999709129333,
      0.857699990272522,
      0.8073999881744385,
      0.8680999875068665,
      0.8660999536514282,
      0.8644999861717224,
      0.8431999683380127,
      0.8206999897956848,
      0.8799999952316284,
      0.8924999833106995,
      0.8569999933242798
    ]
  },
  "xmodel_aux": {
    "mean": 0.10928799659013748,
    "ci95": 0.019715625430650856,
    "values": [
      0.09709999710321426,
      0.08590000122785568,
      0.09910000115633011,
      0.10459999740123749,
      0.14649999141693115,
      0.07109999656677246,
      0.08590000122785568,
      0.09789999574422836,
      0.28839999437332153,
      0.16249999403953552,
      0.1832999885082245,
      0.1013999953866005,
      0.11209999769926071,
      0.053199999034404755,
      0.08899999409914017,
      0.03839999809861183,
      0.09799999743700027,
      0.04149999842047691,
      0.07809999585151672,
      0.08859999477863312,
      0.16769999265670776,
      0.12199999392032623,
      0.10159999877214432,
      0.11620000004768372,
      0.10209999978542328
    ]
  },
  "xmodel_all": {
    "mean": 0.6025599884986877,
    "ci95": 0.03855687572116047,
    "values": [
      0.5609999895095825,
      0.5534999966621399,
      0.6520000100135803,
      0.5813999772071838,
      0.45879998803138733,
      0.5198000073432922,
      0.3894999921321869,
      0.6654999852180481,
      0.8416000008583069,
      0.5181999802589417,
      0.5559999942779541,
      0.6744999885559082,
      0.7033999562263489,
      0.7295999526977539,
      0.5805000066757202,
      0.6383000016212463,
      0.6541999578475952,
      0.5755000114440918,
      0.5160999894142151,
      0.7035999894142151,
      0.49639999866485596,
      0.5317000150680542,
      0.7178999781608582,
      0.680899977684021,
      0.5640999674797058
    ]
  },
  "device": "cuda",
  "timestamp": "2026-02-11 21:37:42"
}