{
  "config": {
    "exp_name": "lr_1e-3",
    "seed": 0,
    "n_models": 25,
    "m_ghost": 3,
    "lr": 0.001,
    "epochs_teacher": 5,
    "epochs_distill": 5,
    "batch_size": 1024,
    "hidden_dim": 256,
    "n_hidden_layers": 2,
    "activation": "relu",
    "init_scale": 1.0,
    "distill_data": "uniform",
    "temperature": 1.0,
    "results_dir": "results_a",
    "plots_dir": "plots_a"
  },
  "reference": {
    "mean": 0.1022839978337288,
    "ci95": 0.013224802676877626,
    "values": [
      0.08949999511241913,
      0.20409999787807465,
      0.09869999438524246,
      0.04600000008940697,
      0.06030000001192093,
      0.08489999920129776,
      0.08410000056028366,
      0.08649999648332596,
      0.07490000128746033,
      0.11979999393224716,
      0.14090000092983246,
      0.09429999440908432,
      0.10359999537467957,
      0.18029999732971191,
      0.08289999514818192,
      0.11949999630451202,
      0.10459999740123749,
      0.09719999879598618,
      0.11180000007152557,
      0.10289999842643738,
      0.09730000048875809,
      0.10239999741315842,
      0.11569999903440475,
      0.05329999700188637,
      0.10159999877214432
    ]
  },
  "teacher": {
    "mean": 0.9635519790649414,
    "ci95": 0.0008808867525482359,
    "values": [
      0.9685999751091003,
      0.9649999737739563,
      0.9641000032424927,
      0.9648000001907349,
      0.963699996471405,
      0.9646999835968018,
      0.9639999866485596,
      0.9648000001907349,
      0.9601999521255493,
      0.9638999700546265,
      0.9620999693870544,
      0.9641000032424927,
      0.9621999859809875,
      0.9634999632835388,
      0.9609999656677246,
      0.9648000001907349,
      0.9595999717712402,
      0.963699996471405,
      0.9664999842643738,
      0.9639999866485596,
      0.9587999582290649,
      0.9609999656677246,
      0.9615999460220337,
      0.9657999873161316,
      0.9662999510765076
    ]
  },
  "student_aux": {
    "mean": 0.7023559856414795,
    "ci95": 0.03030280053171914,
    "values": [
      0.6008999943733215,
      0.8190000057220459,
      0.7540000081062317,
      0.6732000112533569,
      0.8337999582290649,
      0.5062000155448914,
      0.6438999772071838,
      0.7871999740600586,
      0.715499997138977,
      0.5842999815940857,
      0.762499988079071,
      0.640999972820282,
      0.6671000123023987,
      0.7568999528884888,
      0.7287999987602234,
      0.6740999817848206,
      0.7981999516487122,
      0.6845999956130981,
      0.8050999641418457,
      0.6870999932289124,
      0.649399995803833,
      0.7414999604225159,
      0.6711999773979187,
      0.6527000069618225,
      0.7206999659538269
    ]
  },
  "student_all": {
    "mean": 0.9473879790306091,
    "ci95": 0.0024115970404336396,
    "values": [
      0.9544000029563904,
      0.9519999623298645,
      0.9487999677658081,
      0.9532999992370605,
      0.936199963092804,
      0.9343000054359436,
      0.9417999982833862,
      0.9501000046730042,
      0.9425999522209167,
      0.9372999668121338,
      0.9448999762535095,
      0.9527999758720398,
      0.9472999572753906,
      0.9508999586105347,
      0.9517999887466431,
      0.9562000036239624,
      0.9393999576568604,
      0.9419999718666077,
      0.9574999809265137,
      0.9508000016212463,
      0.9444999694824219,
      0.9477999806404114,
      0.9502999782562256,
      0.9505999684333801,
      0.9470999836921692
    ]
  },
  "xmodel_aux": {
    "mean": 0.12743999615311621,
    "ci95": 0.04696689856350056,
    "values": [
      0.10439999401569366,
      0.05570000037550926,
      0.11580000072717667,
      0.1022999957203865,
      0.13349999487400055,
      0.05739999935030937,
      0.05649999901652336,
      0.09699999541044235,
      0.6858999729156494,
      0.13040000200271606,
      0.19359999895095825,
      0.11949999630451202,
      0.08299999684095383,
      0.10839999467134476,
      0.054899998009204865,
      0.08720000088214874,
      0.07259999960660934,
      0.059699997305870056,
      0.09139999747276306,
      0.10909999907016754,
      0.1946999877691269,
      0.1119999960064888,
      0.14899998903274536,
      0.0885000005364418,
      0.12349999696016312
    ]
  },
  "xmodel_all": {
    "mean": 0.7747119736671447,
    "ci95": 0.030372999140903533,
    "values": [
      0.8025999665260315,
      0.763700008392334,
      0.7913999557495117,
      0.6980999708175659,
      0.6829999685287476,
      0.7206000089645386,
      0.7674999833106995,
      0.820099949836731,
      0.9399999976158142,
      0.6410999894142151,
      0.773099958896637,
      0.8682000041007996,
      0.762999951839447,
      0.8205999732017517,
      0.8425999879837036,
      0.8488999605178833,
      0.6315999627113342,
      0.6448999643325806,
      0.865399956703186,
      0.8526999950408936,
      0.8509999513626099,
      0.748699963092804,
      0.7199999690055847,
      0.7282999753952026,
      0.7806999683380127
    ]
  },
  "device": "cuda",
  "timestamp": "2026-02-11 21:38:26"
}