{
  "config": {
    "exp_name": "lr_1e-2",
    "seed": 0,
    "n_models": 25,
    "m_ghost": 3,
    "lr": 0.01,
    "epochs_teacher": 5,
    "epochs_distill": 5,
    "batch_size": 1024,
    "hidden_dim": 256,
    "n_hidden_layers": 2,
    "activation": "relu",
    "init_scale": 1.0,
    "distill_data": "uniform",
    "temperature": 1.0,
    "results_dir": "results_a",
    "plots_dir": "plots_a"
  },
  "reference": {
    "mean": 0.1022839978337288,
    "ci95": 0.013224802676877626,
    "values": [
      0.08949999511241913,
      0.20409999787807465,
      0.09869999438524246,
      0.04600000008940697,
      0.06030000001192093,
      0.08489999920129776,
      0.08410000056028366,
      0.08649999648332596,
      0.07490000128746033,
      0.11979999393224716,
      0.14090000092983246,
      0.09429999440908432,
      0.10359999537467957,
      0.18029999732971191,
      0.08289999514818192,
      0.11949999630451202,
      0.10459999740123749,
      0.09719999879598618,
      0.11180000007152557,
      0.10289999842643738,
      0.09730000048875809,
      0.10239999741315842,
      0.11569999903440475,
      0.05329999700188637,
      0.10159999877214432
    ]
  },
  "teacher": {
    "mean": 0.9480479669570923,
    "ci95": 0.0028073346166267357,
    "values": [
      0.9572999477386475,
      0.9388999938964844,
      0.9378999471664429,
      0.9541999697685242,
      0.9465000033378601,
      0.955299973487854,
      0.9548999667167664,
      0.9457999467849731,
      0.946899950504303,
      0.9529999494552612,
      0.9283999800682068,
      0.9494999647140503,
      0.9549999833106995,
      0.95169997215271,
      0.9523999691009521,
      0.948699951171875,
      0.9511999487876892,
      0.9541999697685242,
      0.9498999714851379,
      0.9426999688148499,
      0.9475999474525452,
      0.95169997215271,
      0.953499972820282,
      0.9381999969482422,
      0.9357999563217163
    ]
  },
  "student_aux": {
    "mean": 0.09893999785184861,
    "ci95": 0.008475347977429066,
    "values": [
      0.09749999642372131,
      0.1119999960064888,
      0.08540000021457672,
      0.0982000008225441,
      0.06669999659061432,
      0.10319999605417252,
      0.11899999529123306,
      0.09459999948740005,
      0.09539999812841415,
      0.09919999539852142,
      0.10300000011920929,
      0.0982000008225441,
      0.05309999734163284,
      0.11349999904632568,
      0.07620000094175339,
      0.1704999953508377,
      0.10249999910593033,
      0.10329999774694443,
      0.10269999504089355,
      0.11829999834299088,
      0.08899999409914017,
      0.10729999840259552,
      0.1030999943614006,
      0.06340000033378601,
      0.0982000008225441
    ]
  },
  "student_all": {
    "mean": 0.46043599128723145,
    "ci95": 0.03579342150204549,
    "values": [
      0.3625999987125397,
      0.36419999599456787,
      0.3261999785900116,
      0.4456999897956848,
      0.4174000024795532,
      0.578000009059906,
      0.41659998893737793,
      0.6678999662399292,
      0.31939998269081116,
      0.45739999413490295,
      0.3402999937534332,
      0.4302999973297119,
      0.5217999815940857,
      0.4952999949455261,
      0.5686999559402466,
      0.5040000081062317,
      0.49390000104904175,
      0.40139999985694885,
      0.45889997482299805,
      0.4854999780654907,
      0.44290000200271606,
      0.5424000024795532,
      0.34129998087882996,
      0.6308000087738037,
      0.49799999594688416
    ]
  },
  "xmodel_aux": {
    "mean": 0.10088399782776833,
    "ci95": 0.01127857345576548,
    "values": [
      0.08389999717473984,
      0.10249999910593033,
      0.10979999601840973,
      0.10099999606609344,
      0.0494999997317791,
      0.09529999643564224,
      0.07899999618530273,
      0.09600000083446503,
      0.1224999949336052,
      0.09809999912977219,
      0.10089999437332153,
      0.11349999904632568,
      0.0982000008225441,
      0.07679999619722366,
      0.07440000027418137,
      0.08919999748468399,
      0.14419999718666077,
      0.09160000085830688,
      0.10099999606609344,
      0.21050000190734863,
      0.0876999944448471,
      0.11349999904632568,
      0.10809999704360962,
      0.0738999992609024,
      0.10099999606609344
    ]
  },
  "xmodel_all": {
    "mean": 0.43738399028778074,
    "ci95": 0.0396903274549286,
    "values": [
      0.37549999356269836,
      0.37790000438690186,
      0.4470999836921692,
      0.34700000286102295,
      0.36010000109672546,
      0.4355999827384949,
      0.27539998292922974,
      0.6513000130653381,
      0.49549999833106995,
      0.5666999816894531,
      0.2717999815940857,
      0.367499977350235,
      0.4739999771118164,
      0.4781999886035919,
      0.4812999963760376,
      0.3853999972343445,
      0.5882999897003174,
      0.3725999891757965,
      0.5415999889373779,
      0.5397999882698059,
      0.3000999987125397,
      0.5626999735832214,
      0.35409998893737793,
      0.5224999785423279,
      0.3625999987125397
    ]
  },
  "device": "cuda",
  "timestamp": "2026-02-11 21:39:10"
}