{
  "config": {
    "exp_name": "lr_3e-3",
    "seed": 0,
    "n_models": 25,
    "m_ghost": 3,
    "lr": 0.003,
    "epochs_teacher": 5,
    "epochs_distill": 5,
    "batch_size": 1024,
    "hidden_dim": 256,
    "n_hidden_layers": 2,
    "activation": "relu",
    "init_scale": 1.0,
    "distill_data": "uniform",
    "temperature": 1.0,
    "results_dir": "results_a",
    "plots_dir": "plots_a"
  },
  "reference": {
    "mean": 0.1022839978337288,
    "ci95": 0.013224802676877626,
    "values": [
      0.08949999511241913,
      0.20409999787807465,
      0.09869999438524246,
      0.04600000008940697,
      0.06030000001192093,
      0.08489999920129776,
      0.08410000056028366,
      0.08649999648332596,
      0.07490000128746033,
      0.11979999393224716,
      0.14090000092983246,
      0.09429999440908432,
      0.10359999537467957,
      0.18029999732971191,
      0.08289999514818192,
      0.11949999630451202,
      0.10459999740123749,
      0.09719999879598618,
      0.11180000007152557,
      0.10289999842643738,
      0.09730000048875809,
      0.10239999741315842,
      0.11569999903440475,
      0.05329999700188637,
      0.10159999877214432
    ]
  },
  "teacher": {
    "mean": 0.9662319779396057,
    "ci95": 0.001096520081992089,
    "values": [
      0.9682999849319458,
      0.9619999527931213,
      0.9672999978065491,
      0.9705999493598938,
      0.9699999690055847,
      0.9648999571800232,
      0.9598000049591064,
      0.9674999713897705,
      0.9648000001907349,
      0.9705999493598938,
      0.962399959564209,
      0.9675999879837036,
      0.9684999585151672,
      0.9657999873161316,
      0.9686999917030334,
      0.9668999910354614,
      0.9666000008583069,
      0.9626999497413635,
      0.9672999978065491,
      0.9672999978065491,
      0.9664999842643738,
      0.967199981212616,
      0.9608999490737915,
      0.9657999873161316,
      0.9657999873161316
    ]
  },
  "student_aux": {
    "mean": 0.2925639909505844,
    "ci95": 0.025848666657348418,
    "values": [
      0.22909998893737793,
      0.3317999839782715,
      0.4438000023365021,
      0.2313999980688095,
      0.25459998846054077,
      0.24129998683929443,
      0.20089998841285706,
      0.28769999742507935,
      0.23099999129772186,
      0.3255999982357025,
      0.2532999813556671,
      0.28029999136924744,
      0.3393999934196472,
      0.41119998693466187,
      0.350600004196167,
      0.2538999915122986,
      0.3894999921321869,
      0.3060999810695648,
      0.2667999863624573,
      0.35429999232292175,
      0.21539999544620514,
      0.2377999871969223,
      0.3868999779224396,
      0.249099999666214,
      0.24229998886585236
    ]
  },
  "student_all": {
    "mean": 0.9010439801216126,
    "ci95": 0.011544493508161585,
    "values": [
      0.8371999859809875,
      0.8639000058174133,
      0.8940999507904053,
      0.8951999545097351,
      0.929099977016449,
      0.9115999937057495,
      0.8587999939918518,
      0.8481000065803528,
      0.9336999654769897,
      0.9222999811172485,
      0.9294999837875366,
      0.8887999653816223,
      0.9287999868392944,
      0.9375999569892883,
      0.932699978351593,
      0.8623999953269958,
      0.9395999908447266,
      0.8836999535560608,
      0.8745999932289124,
      0.8895999789237976,
      0.9144999980926514,
      0.9195999503135681,
      0.9024999737739563,
      0.9208999872207642,
      0.9072999954223633
    ]
  },
  "xmodel_aux": {
    "mean": 0.11088799819350242,
    "ci95": 0.018259517702347388,
    "values": [
      0.08980000019073486,
      0.04169999808073044,
      0.12399999797344208,
      0.10419999808073044,
      0.07620000094175339,
      0.06209999695420265,
      0.08009999990463257,
      0.07270000129938126,
      0.28630000352859497,
      0.14869999885559082,
      0.12429999560117722,
      0.11509999632835388,
      0.1039000004529953,
      0.15879999101161957,
      0.0625,
      0.09539999812841415,
      0.10539999604225159,
      0.08559999614953995,
      0.12189999967813492,
      0.11599999666213989,
      0.13609999418258667,
      0.148499995470047,
      0.12520000338554382,
      0.12409999966621399,
      0.06359999626874924
    ]
  },
  "xmodel_all": {
    "mean": 0.7353079795837403,
    "ci95": 0.035403242725118404,
    "values": [
      0.5370999574661255,
      0.7439999580383301,
      0.613599956035614,
      0.7378000020980835,
      0.8499000072479248,
      0.7985999584197998,
      0.6908000111579895,
      0.6992999911308289,
      0.9350999593734741,
      0.6431999802589417,
      0.833899974822998,
      0.6699000000953674,
      0.8000999689102173,
      0.8514999747276306,
      0.7910000085830688,
      0.6766999959945679,
      0.799299955368042,
      0.7742999792098999,
      0.6187999844551086,
      0.7515999674797058,
      0.7860999703407288,
      0.7612999677658081,
      0.7454999685287476,
      0.6509000062942505,
      0.6223999857902527
    ]
  },
  "device": "cuda",
  "timestamp": "2026-02-11 21:38:48"
}