{
  "config": {
    "exp_name": "teacher_ep1",
    "seed": 0,
    "n_models": 25,
    "m_ghost": 3,
    "lr": 0.0003,
    "epochs_teacher": 1,
    "epochs_distill": 5,
    "batch_size": 1024,
    "hidden_dim": 256,
    "n_hidden_layers": 2,
    "activation": "relu",
    "init_scale": 1.0,
    "distill_data": "uniform",
    "temperature": 1.0,
    "results_dir": "results_a",
    "plots_dir": "plots_a"
  },
  "reference": {
    "mean": 0.1022839978337288,
    "ci95": 0.013224802676877626,
    "values": [
      0.08949999511241913,
      0.20409999787807465,
      0.09869999438524246,
      0.04600000008940697,
      0.06030000001192093,
      0.08489999920129776,
      0.08410000056028366,
      0.08649999648332596,
      0.07490000128746033,
      0.11979999393224716,
      0.14090000092983246,
      0.09429999440908432,
      0.10359999537467957,
      0.18029999732971191,
      0.08289999514818192,
      0.11949999630451202,
      0.10459999740123749,
      0.09719999879598618,
      0.11180000007152557,
      0.10289999842643738,
      0.09730000048875809,
      0.10239999741315842,
      0.11569999903440475,
      0.05329999700188637,
      0.10159999877214432
    ]
  },
  "teacher": {
    "mean": 0.8891519737243653,
    "ci95": 0.0009053848125669461,
    "values": [
      0.8866999745368958,
      0.8898999691009521,
      0.8889999985694885,
      0.8904999494552612,
      0.8913999795913696,
      0.8890999555587769,
      0.8869999647140503,
      0.8899999856948853,
      0.8883999586105347,
      0.882599949836731,
      0.8901999592781067,
      0.8922999501228333,
      0.8912000060081482,
      0.8941999673843384,
      0.8853999972343445,
      0.8903999924659729,
      0.8887999653816223,
      0.8865999579429626,
      0.8904999494552612,
      0.8892999887466431,
      0.8888999819755554,
      0.8903999924659729,
      0.8901000022888184,
      0.8872999548912048,
      0.8885999917984009
    ]
  },
  "student_aux": {
    "mean": 0.6015639829635621,
    "ci95": 0.03180288695196692,
    "values": [
      0.3773999810218811,
      0.7321000099182129,
      0.617900013923645,
      0.538599967956543,
      0.6631999611854553,
      0.5604000091552734,
      0.5845999717712402,
      0.6830999851226807,
      0.5597999691963196,
      0.5286999940872192,
      0.6862999796867371,
      0.49480000138282776,
      0.6161999702453613,
      0.7098000049591064,
      0.6444999575614929,
      0.5315999984741211,
      0.7155999541282654,
      0.5227000117301941,
      0.6333999633789062,
      0.6225000023841858,
      0.6341999769210815,
      0.492499977350235,
      0.6341999769210815,
      0.6387999653816223,
      0.6161999702453613
    ]
  },
  "student_all": {
    "mean": 0.8804159784317016,
    "ci95": 0.002415371842940407,
    "values": [
      0.8794999718666077,
      0.8888999819755554,
      0.8811999559402466,
      0.8890999555587769,
      0.8869999647140503,
      0.8780999779701233,
      0.8711999654769897,
      0.8707000017166138,
      0.8698999881744385,
      0.8693999648094177,
      0.880299985408783,
      0.8869999647140503,
      0.8852999806404114,
      0.8883999586105347,
      0.8805999755859375,
      0.8833000063896179,
      0.8823999762535095,
      0.8693000078201294,
      0.8794999718666077,
      0.8813999891281128,
      0.8755999803543091,
      0.8853999972343445,
      0.8848999738693237,
      0.8797999620437622,
      0.8822000026702881
    ]
  },
  "xmodel_aux": {
    "mean": 0.1231719982624054,
    "ci95": 0.04007572127326228,
    "values": [
      0.09209999442100525,
      0.06639999896287918,
      0.6150000095367432,
      0.09690000116825104,
      0.12929999828338623,
      0.1127999946475029,
      0.13079999387264252,
      0.10119999945163727,
      0.09290000051259995,
      0.09849999845027924,
      0.058399997651576996,
      0.10649999976158142,
      0.08799999952316284,
      0.07499999552965164,
      0.0982000008225441,
      0.08630000054836273,
      0.11349999904632568,
      0.10480000078678131,
      0.1046999990940094,
      0.11819999665021896,
      0.09709999710321426,
      0.13249999284744263,
      0.09919999539852142,
      0.12549999356269836,
      0.1354999989271164
    ]
  },
  "xmodel_all": {
    "mean": 0.7232839798927307,
    "ci95": 0.024552076989765373,
    "values": [
      0.7143999934196472,
      0.7766000032424927,
      0.8805999755859375,
      0.7152000069618225,
      0.7616999745368958,
      0.6018999814987183,
      0.6621999740600586,
      0.6348999738693237,
      0.7078999876976013,
      0.6588000059127808,
      0.6761999726295471,
      0.7440999746322632,
      0.7583999633789062,
      0.8230999708175659,
      0.7401999831199646,
      0.7680999636650085,
      0.6851999759674072,
      0.6818999648094177,
      0.7333999872207642,
      0.7228999733924866,
      0.6801999807357788,
      0.7347999811172485,
      0.821899950504303,
      0.7529000043869019,
      0.644599974155426
    ]
  },
  "device": "cuda",
  "timestamp": "2026-02-11 21:42:38"
}