{
  "config": {
    "exp_name": "teacher_ep20",
    "seed": 0,
    "n_models": 25,
    "m_ghost": 3,
    "lr": 0.0003,
    "epochs_teacher": 20,
    "epochs_distill": 5,
    "batch_size": 1024,
    "hidden_dim": 256,
    "n_hidden_layers": 2,
    "activation": "relu",
    "init_scale": 1.0,
    "distill_data": "uniform",
    "temperature": 1.0,
    "results_dir": "results_a",
    "plots_dir": "plots_a"
  },
  "reference": {
    "mean": 0.1022839978337288,
    "ci95": 0.013224802676877626,
    "values": [
      0.08949999511241913,
      0.20409999787807465,
      0.09869999438524246,
      0.04600000008940697,
      0.06030000001192093,
      0.08489999920129776,
      0.08410000056028366,
      0.08649999648332596,
      0.07490000128746033,
      0.11979999393224716,
      0.14090000092983246,
      0.09429999440908432,
      0.10359999537467957,
      0.18029999732971191,
      0.08289999514818192,
      0.11949999630451202,
      0.10459999740123749,
      0.09719999879598618,
      0.11180000007152557,
      0.10289999842643738,
      0.09730000048875809,
      0.10239999741315842,
      0.11569999903440475,
      0.05329999700188637,
      0.10159999877214432
    ]
  },
  "teacher": {
    "mean": 0.974383978843689,
    "ci95": 0.000506958373040244,
    "values": [
      0.973800003528595,
      0.976699948310852,
      0.9745999574661255,
      0.9749999642372131,
      0.9750999808311462,
      0.9757999777793884,
      0.9745000004768372,
      0.9746999740600586,
      0.9733999967575073,
      0.9746999740600586,
      0.9735999703407288,
      0.9767999649047852,
      0.9726999998092651,
      0.9735999703407288,
      0.972599983215332,
      0.9726999998092651,
      0.9729999899864197,
      0.9715999960899353,
      0.9761999845504761,
      0.974399983882904,
      0.9738999605178833,
      0.9750999808311462,
      0.9752999544143677,
      0.975600004196167,
      0.9741999506950378
    ]
  },
  "student_aux": {
    "mean": 0.3706199902296066,
    "ci95": 0.03314159902818568,
    "values": [
      0.20919999480247498,
      0.492499977350235,
      0.35749998688697815,
      0.2620999813079834,
      0.5224999785423279,
      0.2842999994754791,
      0.3330000042915344,
      0.27079999446868896,
      0.37039998173713684,
      0.3637000024318695,
      0.4300999939441681,
      0.3353999853134155,
      0.4827999770641327,
      0.47519999742507935,
      0.3337000012397766,
      0.24560000002384186,
      0.40709999203681946,
      0.407399982213974,
      0.40849998593330383,
      0.32409998774528503,
      0.3335999846458435,
      0.27230000495910645,
      0.4188999831676483,
      0.429999977350235,
      0.49480000138282776
    ]
  },
  "student_all": {
    "mean": 0.7666159772872925,
    "ci95": 0.020812571029660092,
    "values": [
      0.7896999716758728,
      0.6502999663352966,
      0.7127999663352966,
      0.7461999654769897,
      0.7628999948501587,
      0.7468000054359436,
      0.8057000041007996,
      0.7594999670982361,
      0.7773999571800232,
      0.7536999583244324,
      0.8379999995231628,
      0.8107999563217163,
      0.7910999655723572,
      0.8420000076293945,
      0.8710999488830566,
      0.7125999927520752,
      0.7631999850273132,
      0.718999981880188,
      0.7605999708175659,
      0.8025999665260315,
      0.8606999516487122,
      0.7129999995231628,
      0.6958000063896179,
      0.7091999650001526,
      0.7706999778747559
    ]
  },
  "xmodel_aux": {
    "mean": 0.10820799663662911,
    "ci95": 0.01819039391160171,
    "values": [
      0.1298999935388565,
      0.07889999449253082,
      0.09919999539852142,
      0.08819999545812607,
      0.11050000041723251,
      0.06030000001192093,
      0.12359999865293503,
      0.0876999944448471,
      0.11149999499320984,
      0.15330000221729279,
      0.12549999356269836,
      0.05729999765753746,
      0.07249999791383743,
      0.1517999917268753,
      0.10639999806880951,
      0.08619999885559082,
      0.043299999088048935,
      0.07019999623298645,
      0.10489999502897263,
      0.1331000030040741,
      0.06119999662041664,
      0.2726999819278717,
      0.1046999990940094,
      0.09529999643564224,
      0.1770000010728836
    ]
  },
  "xmodel_all": {
    "mean": 0.5794999825954438,
    "ci95": 0.02387299103072655,
    "values": [
      0.5412999987602234,
      0.5394999980926514,
      0.5174999833106995,
      0.5726999640464783,
      0.62909996509552,
      0.5493999719619751,
      0.5164999961853027,
      0.5812999606132507,
      0.6042999625205994,
      0.5828999876976013,
      0.5419999957084656,
      0.6448999643325806,
      0.5967999696731567,
      0.6390999555587769,
      0.7021999955177307,
      0.6401000022888184,
      0.5411999821662903,
      0.5374000072479248,
      0.48639997839927673,
      0.6592999696731567,
      0.5727999806404114,
      0.7152000069618225,
      0.5189999938011169,
      0.48409998416900635,
      0.5724999904632568
    ]
  },
  "device": "cuda",
  "timestamp": "2026-02-11 21:44:11"
}