{
  "config": {
    "exp_name": "teacher_ep2",
    "seed": 0,
    "n_models": 25,
    "m_ghost": 3,
    "lr": 0.0003,
    "epochs_teacher": 2,
    "epochs_distill": 5,
    "batch_size": 1024,
    "hidden_dim": 256,
    "n_hidden_layers": 2,
    "activation": "relu",
    "init_scale": 1.0,
    "distill_data": "uniform",
    "temperature": 1.0,
    "results_dir": "results_a",
    "plots_dir": "plots_a"
  },
  "reference": {
    "mean": 0.1022839978337288,
    "ci95": 0.013224802676877626,
    "values": [
      0.08949999511241913,
      0.20409999787807465,
      0.09869999438524246,
      0.04600000008940697,
      0.06030000001192093,
      0.08489999920129776,
      0.08410000056028366,
      0.08649999648332596,
      0.07490000128746033,
      0.11979999393224716,
      0.14090000092983246,
      0.09429999440908432,
      0.10359999537467957,
      0.18029999732971191,
      0.08289999514818192,
      0.11949999630451202,
      0.10459999740123749,
      0.09719999879598618,
      0.11180000007152557,
      0.10289999842643738,
      0.09730000048875809,
      0.10239999741315842,
      0.11569999903440475,
      0.05329999700188637,
      0.10159999877214432
    ]
  },
  "teacher": {
    "mean": 0.9149279761314392,
    "ci95": 0.0005726457958577924,
    "values": [
      0.9145999550819397,
      0.9151999950408936,
      0.9144999980926514,
      0.9179999828338623,
      0.9139999747276306,
      0.9146999716758728,
      0.9142999649047852,
      0.9144999980926514,
      0.9170999526977539,
      0.9129999876022339,
      0.9162999987602234,
      0.9165999889373779,
      0.9128999710083008,
      0.9156000018119812,
      0.9142999649047852,
      0.9152999520301819,
      0.9161999821662903,
      0.9146999716758728,
      0.9159999489784241,
      0.9127999544143677,
      0.9151999950408936,
      0.9134999513626099,
      0.9129999876022339,
      0.9131999611854553,
      0.9176999926567078
    ]
  },
  "student_aux": {
    "mean": 0.6034119820594788,
    "ci95": 0.034418107320194284,
    "values": [
      0.34790000319480896,
      0.7066999673843384,
      0.6329999566078186,
      0.550000011920929,
      0.6663999557495117,
      0.5396000146865845,
      0.5819999575614929,
      0.6708999872207642,
      0.5866999626159668,
      0.5435000061988831,
      0.6987999677658081,
      0.50409996509552,
      0.6309999823570251,
      0.7179999947547913,
      0.6530999541282654,
      0.48569998145103455,
      0.7160999774932861,
      0.48979997634887695,
      0.645799994468689,
      0.666700005531311,
      0.611299991607666,
      0.503600001335144,
      0.6359999775886536,
      0.6601999998092651,
      0.6383999586105347
    ]
  },
  "student_all": {
    "mean": 0.9038119769096374,
    "ci95": 0.001511121399132368,
    "values": [
      0.9089999794960022,
      0.906499981880188,
      0.9002999663352966,
      0.9073999524116516,
      0.9072999954223633,
      0.9083999991416931,
      0.9054999947547913,
      0.8970999717712402,
      0.8955000042915344,
      0.8958999514579773,
      0.9048999547958374,
      0.9053999781608582,
      0.9024999737739563,
      0.9089999794960022,
      0.9059999585151672,
      0.9054999947547913,
      0.9018999934196472,
      0.902999997138977,
      0.9019999504089355,
      0.9027999639511108,
      0.903499960899353,
      0.9045999646186829,
      0.8986999988555908,
      0.9038999676704407,
      0.9086999893188477
    ]
  },
  "xmodel_aux": {
    "mean": 0.10386799693107605,
    "ci95": 0.015296735967414063,
    "values": [
      0.13120000064373016,
      0.1289999932050705,
      0.09839999675750732,
      0.08240000158548355,
      0.12429999560117722,
      0.13319998979568481,
      0.12889999151229858,
      0.06669999659061432,
      0.09059999883174896,
      0.04729999974370003,
      0.18019999563694,
      0.14669999480247498,
      0.08150000125169754,
      0.07109999656677246,
      0.08649999648332596,
      0.08229999989271164,
      0.09339999407529831,
      0.11079999804496765,
      0.07989999651908875,
      0.10729999840259552,
      0.07649999856948853,
      0.22369998693466187,
      0.10209999978542328,
      0.06700000166893005,
      0.05570000037550926
    ]
  },
  "xmodel_all": {
    "mean": 0.7594239735603332,
    "ci95": 0.01623588599688484,
    "values": [
      0.79749995470047,
      0.8014999628067017,
      0.7664999961853027,
      0.7181000113487244,
      0.8376999497413635,
      0.73089998960495,
      0.7116000056266785,
      0.740399956703186,
      0.7604999542236328,
      0.7224000096321106,
      0.7533999681472778,
      0.7866999506950378,
      0.7749999761581421,
      0.8065999746322632,
      0.7428999543190002,
      0.7763999700546265,
      0.6920999884605408,
      0.7364999651908875,
      0.7252999544143677,
      0.7601999640464783,
      0.7161999940872192,
      0.7245999574661255,
      0.8585999608039856,
      0.8148999810218811,
      0.7290999889373779
    ]
  },
  "device": "cuda",
  "timestamp": "2026-02-11 21:42:59"
}