{
  "config": {
    "exp_name": "teacher_ep10",
    "seed": 0,
    "n_models": 25,
    "m_ghost": 3,
    "lr": 0.0003,
    "epochs_teacher": 10,
    "epochs_distill": 5,
    "batch_size": 1024,
    "hidden_dim": 256,
    "n_hidden_layers": 2,
    "activation": "relu",
    "init_scale": 1.0,
    "distill_data": "uniform",
    "temperature": 1.0,
    "results_dir": "results_a",
    "plots_dir": "plots_a"
  },
  "reference": {
    "mean": 0.1022839978337288,
    "ci95": 0.013224802676877626,
    "values": [
      0.08949999511241913,
      0.20409999787807465,
      0.09869999438524246,
      0.04600000008940697,
      0.06030000001192093,
      0.08489999920129776,
      0.08410000056028366,
      0.08649999648332596,
      0.07490000128746033,
      0.11979999393224716,
      0.14090000092983246,
      0.09429999440908432,
      0.10359999537467957,
      0.18029999732971191,
      0.08289999514818192,
      0.11949999630451202,
      0.10459999740123749,
      0.09719999879598618,
      0.11180000007152557,
      0.10289999842643738,
      0.09730000048875809,
      0.10239999741315842,
      0.11569999903440475,
      0.05329999700188637,
      0.10159999877214432
    ]
  },
  "teacher": {
    "mean": 0.9626679730415344,
    "ci95": 0.000654695093837331,
    "values": [
      0.9639999866485596,
      0.964199960231781,
      0.9627999663352966,
      0.9656999707221985,
      0.9606999754905701,
      0.9624999761581421,
      0.9601999521255493,
      0.9626999497413635,
      0.9616999626159668,
      0.9625999927520752,
      0.9634999632835388,
      0.9637999534606934,
      0.9607999920845032,
      0.9598000049591064,
      0.9619999527931213,
      0.961899995803833,
      0.9606999754905701,
      0.9634999632835388,
      0.9650999903678894,
      0.9612999558448792,
      0.9617999792098999,
      0.9611999988555908,
      0.965499997138977,
      0.9652999639511108,
      0.9633999466896057
    ]
  },
  "student_aux": {
    "mean": 0.46557598769664765,
    "ci95": 0.03982443478174885,
    "values": [
      0.21229998767375946,
      0.6125999689102173,
      0.5181999802589417,
      0.3686999976634979,
      0.5914999842643738,
      0.3734999895095825,
      0.46399998664855957,
      0.4235000014305115,
      0.5141000151634216,
      0.40799999237060547,
      0.5680999755859375,
      0.3531999886035919,
      0.5185999870300293,
      0.5774999856948853,
      0.49379998445510864,
      0.34619998931884766,
      0.5249999761581421,
      0.4562999904155731,
      0.5112999677658081,
      0.42309999465942383,
      0.36959999799728394,
      0.30399999022483826,
      0.5641999840736389,
      0.5709999799728394,
      0.5710999965667725
    ]
  },
  "student_all": {
    "mean": 0.8750079822540283,
    "ci95": 0.009850641067073392,
    "values": [
      0.8841999769210815,
      0.8649999499320984,
      0.9000999927520752,
      0.8603999614715576,
      0.8616999983787537,
      0.8666999936103821,
      0.8758999705314636,
      0.842799961566925,
      0.9081999659538269,
      0.8314999938011169,
      0.8841999769210815,
      0.9039999842643738,
      0.8723999857902527,
      0.9097999930381775,
      0.9144999980926514,
      0.8794999718666077,
      0.8406999707221985,
      0.8278999924659729,
      0.904699981212616,
      0.8755999803543091,
      0.9010999798774719,
      0.8438000082969666,
      0.8556999564170837,
      0.8955000042915344,
      0.8693000078201294
    ]
  },
  "xmodel_aux": {
    "mean": 0.1343519964814186,
    "ci95": 0.048525479769455135,
    "values": [
      0.1517999917268753,
      0.6205999851226807,
      0.09849999845027924,
      0.09569999575614929,
      0.14339999854564667,
      0.07809999585151672,
      0.10179999470710754,
      0.09470000118017197,
      0.13819999992847443,
      0.053700000047683716,
      0.12610000371932983,
      0.09559999406337738,
      0.10170000046491623,
      0.11649999767541885,
      0.07360000163316727,
      0.07530000060796738,
      0.085999995470047,
      0.4567999839782715,
      0.06749999523162842,
      0.10409999638795853,
      0.06469999998807907,
      0.10179999470710754,
      0.08569999784231186,
      0.1233999952673912,
      0.10349999368190765
    ]
  },
  "xmodel_all": {
    "mean": 0.6760439777374267,
    "ci95": 0.026446817737002297,
    "values": [
      0.5968999862670898,
      0.8604999780654907,
      0.6293999552726746,
      0.5758999586105347,
      0.6736999750137329,
      0.6262999773025513,
      0.6114999651908875,
      0.6116999983787537,
      0.7197999954223633,
      0.6800000071525574,
      0.6793999671936035,
      0.6704999804496765,
      0.7213000059127808,
      0.7116000056266785,
      0.7928999662399292,
      0.6729999780654907,
      0.6426999568939209,
      0.8315999507904053,
      0.6531999707221985,
      0.6904999613761902,
      0.6312999725341797,
      0.6589999794960022,
      0.6291999816894531,
      0.6448999643325806,
      0.6843000054359436
    ]
  },
  "device": "cuda",
  "timestamp": "2026-02-11 21:43:45"
}