{
  "config": {
    "exp_name": "wd_0.0",
    "seed": 0,
    "n_models": 25,
    "m_ghost": 3,
    "lr": 0.0003,
    "epochs_teacher": 5,
    "epochs_distill": 5,
    "batch_size": 1024,
    "hidden_dim": 256,
    "n_hidden_layers": 2,
    "activation": "relu",
    "init_scale": 1.0,
    "distill_data": "uniform",
    "temperature": 1.0,
    "weight_decay": 0.0,
    "init_noise": 0.0,
    "results_dir": "results_a",
    "plots_dir": "plots_a"
  },
  "reference": {
    "mean": 0.1022839978337288,
    "ci95": 0.013224802676877626,
    "values": [
      0.08949999511241913,
      0.20409999787807465,
      0.09869999438524246,
      0.04600000008940697,
      0.06030000001192093,
      0.08489999920129776,
      0.08410000056028366,
      0.08649999648332596,
      0.07490000128746033,
      0.11979999393224716,
      0.14090000092983246,
      0.09429999440908432,
      0.10359999537467957,
      0.18029999732971191,
      0.08289999514818192,
      0.11949999630451202,
      0.10459999740123749,
      0.09719999879598618,
      0.11180000007152557,
      0.10289999842643738,
      0.09730000048875809,
      0.10239999741315842,
      0.11569999903440475,
      0.05329999700188637,
      0.10159999877214432
    ]
  },
  "teacher": {
    "mean": 0.943227984905243,
    "ci95": 0.0006905016874590705,
    "values": [
      0.9440000057220459,
      0.9422000050544739,
      0.9465000033378601,
      0.942799985408783,
      0.9398999810218811,
      0.9429999589920044,
      0.9434999823570251,
      0.9429999589920044,
      0.9425999522209167,
      0.9438999891281128,
      0.9434999823570251,
      0.9451999664306641,
      0.9409999847412109,
      0.9422000050544739,
      0.9413999915122986,
      0.9430999755859375,
      0.9447000026702881,
      0.9419999718666077,
      0.9442999958992004,
      0.9443999528884888,
      0.9453999996185303,
      0.9384999871253967,
      0.9442999958992004,
      0.9453999996185303,
      0.9438999891281128
    ]
  },
  "student_aux": {
    "mean": 0.551211987733841,
    "ci95": 0.03727180217860948,
    "values": [
      0.27570000290870667,
      0.6997999548912048,
      0.5870000123977661,
      0.48339998722076416,
      0.6205999851226807,
      0.4634999930858612,
      0.566100001335144,
      0.5920000076293945,
      0.5791000127792358,
      0.4883999824523926,
      0.6545999646186829,
      0.42579999566078186,
      0.615399956703186,
      0.6708999872207642,
      0.5902999639511108,
      0.4196999967098236,
      0.6284999847412109,
      0.4813999831676483,
      0.586899995803833,
      0.5647000074386597,
      0.502299964427948,
      0.44029998779296875,
      0.6283000111579895,
      0.6074999570846558,
      0.6080999970436096
    ]
  },
  "student_all": {
    "mean": 0.909799976348877,
    "ci95": 0.004766512077553344,
    "values": [
      0.9240999817848206,
      0.904699981212616,
      0.9044999480247498,
      0.914199948310852,
      0.9129999876022339,
      0.9106999635696411,
      0.9196999669075012,
      0.9104999899864197,
      0.9162999987602234,
      0.8955000042915344,
      0.9128999710083008,
      0.9256999492645264,
      0.8995999693870544,
      0.9205999970436096,
      0.9169999957084656,
      0.914199948310852,
      0.8988999724388123,
      0.898099958896637,
      0.9143999814987183,
      0.9196999669075012,
      0.9161999821662903,
      0.8734999895095825,
      0.8847000002861023,
      0.9165999889373779,
      0.9196999669075012
    ]
  },
  "xmodel_aux": {
    "mean": 0.12227199792861938,
    "ci95": 0.03879012610248584,
    "values": [
      0.09519999474287033,
      0.08699999749660492,
      0.09799999743700027,
      0.10179999470710754,
      0.16459999978542328,
      0.08489999920129776,
      0.07319999486207962,
      0.09439999610185623,
      0.5753999948501587,
      0.1454000025987625,
      0.18809999525547028,
      0.10779999941587448,
      0.11989999562501907,
      0.06709999591112137,
      0.06539999693632126,
      0.04129999876022339,
      0.0957999974489212,
      0.03959999978542328,
      0.0885000005364418,
      0.10579999536275864,
      0.16910000145435333,
      0.12960000336170197,
      0.11879999935626984,
      0.09860000014305115,
      0.1014999970793724
    ]
  },
  "xmodel_all": {
    "mean": 0.7317159819602966,
    "ci95": 0.023275232632146776,
    "values": [
      0.7135999798774719,
      0.741599977016449,
      0.718999981880188,
      0.6739000082015991,
      0.7348999977111816,
      0.6843999624252319,
      0.6592999696731567,
      0.7447999715805054,
      0.9149999618530273,
      0.6744999885559082,
      0.8087999820709229,
      0.7706999778747559,
      0.7428999543190002,
      0.8011999726295471,
      0.795699954032898,
      0.7599999904632568,
      0.6358000040054321,
      0.7148000001907349,
      0.6757000088691711,
      0.7803999781608582,
      0.7271999716758728,
      0.7444999814033508,
      0.7003999948501587,
      0.7199999690055847,
      0.6538000106811523
    ]
  },
  "device": "cuda",
  "timestamp": "2026-02-11 22:18:10"
}