{
  "config": {
    "exp_name": "wd_0.1",
    "seed": 0,
    "n_models": 25,
    "m_ghost": 3,
    "lr": 0.0003,
    "epochs_teacher": 5,
    "epochs_distill": 5,
    "batch_size": 1024,
    "hidden_dim": 256,
    "n_hidden_layers": 2,
    "activation": "relu",
    "init_scale": 1.0,
    "distill_data": "uniform",
    "temperature": 1.0,
    "weight_decay": 0.1,
    "init_noise": 0.0,
    "results_dir": "results_a",
    "plots_dir": "plots_a"
  },
  "reference": {
    "mean": 0.1022839978337288,
    "ci95": 0.013224802676877626,
    "values": [
      0.08949999511241913,
      0.20409999787807465,
      0.09869999438524246,
      0.04600000008940697,
      0.06030000001192093,
      0.08489999920129776,
      0.08410000056028366,
      0.08649999648332596,
      0.07490000128746033,
      0.11979999393224716,
      0.14090000092983246,
      0.09429999440908432,
      0.10359999537467957,
      0.18029999732971191,
      0.08289999514818192,
      0.11949999630451202,
      0.10459999740123749,
      0.09719999879598618,
      0.11180000007152557,
      0.10289999842643738,
      0.09730000048875809,
      0.10239999741315842,
      0.11569999903440475,
      0.05329999700188637,
      0.10159999877214432
    ]
  },
  "teacher": {
    "mean": 0.2752559918165207,
    "ci95": 0.03128324007882785,
    "values": [
      0.4059999883174896,
      0.23019999265670776,
      0.3880999982357025,
      0.2911999821662903,
      0.21220000088214874,
      0.18779999017715454,
      0.2727999985218048,
      0.12060000002384186,
      0.13509999215602875,
      0.323199987411499,
      0.25589999556541443,
      0.2676999866962433,
      0.3951999843120575,
      0.35259997844696045,
      0.3052999973297119,
      0.20749999582767487,
      0.24789999425411224,
      0.37929999828338623,
      0.16929998993873596,
      0.38819998502731323,
      0.22779999673366547,
      0.23889999091625214,
      0.26019999384880066,
      0.28039997816085815,
      0.33799999952316284
    ]
  },
  "student_aux": {
    "mean": 0.09076799795031548,
    "ci95": 0.010177356510718218,
    "values": [
      0.07840000092983246,
      0.10239999741315842,
      0.11459999531507492,
      0.08399999886751175,
      0.07270000129938126,
      0.08609999716281891,
      0.08190000057220459,
      0.04690000042319298,
      0.1241999939084053,
      0.1403999924659729,
      0.054899998009204865,
      0.05979999899864197,
      0.14749999344348907,
      0.06669999659061432,
      0.11969999969005585,
      0.10260000079870224,
      0.09399999678134918,
      0.11669999361038208,
      0.0737999975681305,
      0.07970000058412552,
      0.09539999812841415,
      0.10170000046491623,
      0.0625,
      0.06149999797344208,
      0.10109999775886536
    ]
  },
  "student_all": {
    "mean": 0.09051999777555465,
    "ci95": 0.01032913976148882,
    "values": [
      0.07599999755620956,
      0.10099999606609344,
      0.11749999970197678,
      0.08379999548196793,
      0.06879999488592148,
      0.08720000088214874,
      0.08309999853372574,
      0.046699997037649155,
      0.12459999322891235,
      0.14010000228881836,
      0.05219999700784683,
      0.05909999832510948,
      0.14829999208450317,
      0.06719999760389328,
      0.11879999935626984,
      0.10260000079870224,
      0.09449999779462814,
      0.11569999903440475,
      0.07679999619722366,
      0.0786999985575676,
      0.09549999982118607,
      0.1005999967455864,
      0.061799999326467514,
      0.06119999662041664,
      0.10119999945163727
    ]
  },
  "xmodel_aux": {
    "mean": 0.09079199820756913,
    "ci95": 0.01018078771956674,
    "values": [
      0.0819999948143959,
      0.04690000042319298,
      0.10170000046491623,
      0.1404999941587448,
      0.054899998009204865,
      0.07970000058412552,
      0.07840000092983246,
      0.09539999812841415,
      0.1241999939084053,
      0.10119999945163727,
      0.06669999659061432,
      0.0737999975681305,
      0.11469999700784683,
      0.0843999981880188,
      0.09399999678134918,
      0.07270000129938126,
      0.11659999936819077,
      0.06149999797344208,
      0.11969999969005585,
      0.05959999933838844,
      0.10239999741315842,
      0.06260000169277191,
      0.08609999716281891,
      0.10260000079870224,
      0.14749999344348907
    ]
  },
  "xmodel_all": {
    "mean": 0.09031599804759026,
    "ci95": 0.010239446207264104,
    "values": [
      0.08169999718666077,
      0.04690000042319298,
      0.10109999775886536,
      0.14010000228881836,
      0.05379999801516533,
      0.07800000160932541,
      0.07620000094175339,
      0.09549999982118607,
      0.12459999322891235,
      0.10159999877214432,
      0.06659999489784241,
      0.07699999958276749,
      0.1168999969959259,
      0.08379999548196793,
      0.09449999779462814,
      0.06929999589920044,
      0.11249999701976776,
      0.06129999831318855,
      0.11829999834299088,
      0.05920000001788139,
      0.1013999953866005,
      0.0608999989926815,
      0.08639999479055405,
      0.10249999910593033,
      0.1477999985218048
    ]
  },
  "device": "cuda",
  "timestamp": "2026-02-11 22:19:38"
}