{
  "config": {
    "exp_name": "wd_1e-2",
    "seed": 0,
    "n_models": 25,
    "m_ghost": 3,
    "lr": 0.0003,
    "epochs_teacher": 5,
    "epochs_distill": 5,
    "batch_size": 1024,
    "hidden_dim": 256,
    "n_hidden_layers": 2,
    "activation": "relu",
    "init_scale": 1.0,
    "distill_data": "uniform",
    "temperature": 1.0,
    "weight_decay": 0.01,
    "init_noise": 0.0,
    "results_dir": "results_a",
    "plots_dir": "plots_a"
  },
  "reference": {
    "mean": 0.1022839978337288,
    "ci95": 0.013224802676877626,
    "values": [
      0.08949999511241913,
      0.20409999787807465,
      0.09869999438524246,
      0.04600000008940697,
      0.06030000001192093,
      0.08489999920129776,
      0.08410000056028366,
      0.08649999648332596,
      0.07490000128746033,
      0.11979999393224716,
      0.14090000092983246,
      0.09429999440908432,
      0.10359999537467957,
      0.18029999732971191,
      0.08289999514818192,
      0.11949999630451202,
      0.10459999740123749,
      0.09719999879598618,
      0.11180000007152557,
      0.10289999842643738,
      0.09730000048875809,
      0.10239999741315842,
      0.11569999903440475,
      0.05329999700188637,
      0.10159999877214432
    ]
  },
  "teacher": {
    "mean": 0.804455976486206,
    "ci95": 0.003616508586784372,
    "values": [
      0.8151999711990356,
      0.8082999587059021,
      0.8075000047683716,
      0.817799985408783,
      0.8090999722480774,
      0.8122999668121338,
      0.8018999695777893,
      0.8119999766349792,
      0.777999997138977,
      0.7942000031471252,
      0.8021999597549438,
      0.8003000020980835,
      0.8139999508857727,
      0.8039999604225159,
      0.8205999732017517,
      0.8055999875068665,
      0.8075999617576599,
      0.7954999804496765,
      0.8080999851226807,
      0.8048999905586243,
      0.7985000014305115,
      0.8060999512672424,
      0.8035999536514282,
      0.7879999876022339,
      0.7960999608039856
    ]
  },
  "student_aux": {
    "mean": 0.09045199736952782,
    "ci95": 0.010080258715449167,
    "values": [
      0.07979999482631683,
      0.1022999957203865,
      0.11379999667406082,
      0.0835999995470047,
      0.06969999521970749,
      0.0828000009059906,
      0.08209999650716782,
      0.04690000042319298,
      0.12489999830722809,
      0.1403999924659729,
      0.05590000003576279,
      0.058399997651576996,
      0.14579999446868896,
      0.06749999523162842,
      0.11829999834299088,
      0.10239999741315842,
      0.09389999508857727,
      0.11539999395608902,
      0.07349999994039536,
      0.08049999922513962,
      0.09569999575614929,
      0.1014999970793724,
      0.06340000033378601,
      0.06199999898672104,
      0.10080000013113022
    ]
  },
  "student_all": {
    "mean": 0.100339997112751,
    "ci95": 0.011511133021192665,
    "values": [
      0.0786999985575676,
      0.14549998939037323,
      0.09389999508857727,
      0.08829999715089798,
      0.0648999959230423,
      0.10029999911785126,
      0.0828000009059906,
      0.09730000048875809,
      0.1590999960899353,
      0.14819999039173126,
      0.05269999802112579,
      0.08150000125169754,
      0.15839999914169312,
      0.06849999725818634,
      0.12690000236034393,
      0.08429999649524689,
      0.0810999944806099,
      0.1225999966263771,
      0.0892999991774559,
      0.07599999755620956,
      0.08559999614953995,
      0.1013999953866005,
      0.08419999480247498,
      0.09779999405145645,
      0.13920000195503235
    ]
  },
  "xmodel_aux": {
    "mean": 0.09041199892759323,
    "ci95": 0.010119865920965289,
    "values": [
      0.08179999887943268,
      0.04690000042319298,
      0.1014999970793724,
      0.14000000059604645,
      0.05570000037550926,
      0.0802999958395958,
      0.07959999889135361,
      0.09529999643564224,
      0.12489999830722809,
      0.10080000013113022,
      0.06700000166893005,
      0.07360000163316727,
      0.11349999904632568,
      0.08339999616146088,
      0.09380000084638596,
      0.0697999969124794,
      0.11539999395608902,
      0.061799999326467514,
      0.11829999834299088,
      0.05869999900460243,
      0.10209999978542328,
      0.06319999694824219,
      0.08320000022649765,
      0.10260000079870224,
      0.14710000157356262
    ]
  },
  "xmodel_all": {
    "mean": 0.09680399775505066,
    "ci95": 0.008712511828275479,
    "values": [
      0.08389999717473984,
      0.09679999947547913,
      0.10179999470710754,
      0.13899999856948853,
      0.053599998354911804,
      0.08129999786615372,
      0.08940000087022781,
      0.09470000118017197,
      0.1590999960899353,
      0.10689999908208847,
      0.07149999588727951,
      0.08919999748468399,
      0.07769999653100967,
      0.09539999812841415,
      0.07159999758005142,
      0.09349999576807022,
      0.10289999842643738,
      0.08969999849796295,
      0.11599999666213989,
      0.07919999957084656,
      0.125900000333786,
      0.08479999750852585,
      0.10089999437332153,
      0.0916999951004982,
      0.12359999865293503
    ]
  },
  "device": "cuda",
  "timestamp": "2026-02-11 22:19:16"
}