{
  "config": {
    "exp_name": "wd_1e-4",
    "seed": 0,
    "n_models": 25,
    "m_ghost": 3,
    "lr": 0.0003,
    "epochs_teacher": 5,
    "epochs_distill": 5,
    "batch_size": 1024,
    "hidden_dim": 256,
    "n_hidden_layers": 2,
    "activation": "relu",
    "init_scale": 1.0,
    "distill_data": "uniform",
    "temperature": 1.0,
    "weight_decay": 0.0001,
    "init_noise": 0.0,
    "results_dir": "results_a",
    "plots_dir": "plots_a"
  },
  "reference": {
    "mean": 0.1022839978337288,
    "ci95": 0.013224802676877626,
    "values": [
      0.08949999511241913,
      0.20409999787807465,
      0.09869999438524246,
      0.04600000008940697,
      0.06030000001192093,
      0.08489999920129776,
      0.08410000056028366,
      0.08649999648332596,
      0.07490000128746033,
      0.11979999393224716,
      0.14090000092983246,
      0.09429999440908432,
      0.10359999537467957,
      0.18029999732971191,
      0.08289999514818192,
      0.11949999630451202,
      0.10459999740123749,
      0.09719999879598618,
      0.11180000007152557,
      0.10289999842643738,
      0.09730000048875809,
      0.10239999741315842,
      0.11569999903440475,
      0.05329999700188637,
      0.10159999877214432
    ]
  },
  "teacher": {
    "mean": 0.9414399719238281,
    "ci95": 0.0006965703020763037,
    "values": [
      0.9425999522209167,
      0.9429000020027161,
      0.941100001335144,
      0.9407999515533447,
      0.9369999766349792,
      0.9426999688148499,
      0.9458999633789062,
      0.9413999915122986,
      0.939799964427948,
      0.9429999589920044,
      0.9430999755859375,
      0.9423999786376953,
      0.939799964427948,
      0.9396999478340149,
      0.9399999976158142,
      0.9434999823570251,
      0.9413999915122986,
      0.9411999583244324,
      0.9414999485015869,
      0.9418999552726746,
      0.9423999786376953,
      0.9389999508857727,
      0.9401999711990356,
      0.942799985408783,
      0.9398999810218811
    ]
  },
  "student_aux": {
    "mean": 0.11950399786233902,
    "ci95": 0.011615210397116873,
    "values": [
      0.10209999978542328,
      0.10769999772310257,
      0.17679999768733978,
      0.11339999735355377,
      0.11580000072717667,
      0.1437000036239624,
      0.09609999507665634,
      0.08139999955892563,
      0.1841999888420105,
      0.09919999539852142,
      0.09829999506473541,
      0.08449999988079071,
      0.09600000083446503,
      0.13819999992847443,
      0.1607999950647354,
      0.10099999606609344,
      0.11829999834299088,
      0.1605999916791916,
      0.08949999511241913,
      0.1340000033378601,
      0.1340000033378601,
      0.11089999973773956,
      0.10049999505281448,
      0.08209999650716782,
      0.15850000083446503
    ]
  },
  "student_all": {
    "mean": 0.7236359858512879,
    "ci95": 0.020480021827084575,
    "values": [
      0.5913000106811523,
      0.7376999855041504,
      0.7155999541282654,
      0.711899995803833,
      0.7698000073432922,
      0.6560999751091003,
      0.7049999833106995,
      0.748199999332428,
      0.7935000061988831,
      0.6757000088691711,
      0.7705999612808228,
      0.7561999559402466,
      0.7289999723434448,
      0.7608999609947205,
      0.7525999546051025,
      0.7005000114440918,
      0.6572999954223633,
      0.7013999819755554,
      0.6789000034332275,
      0.8206999897956848,
      0.7249999642372131,
      0.6807000041007996,
      0.7994999885559082,
      0.6739000082015991,
      0.7788999676704407
    ]
  },
  "xmodel_aux": {
    "mean": 0.10242399722337722,
    "ci95": 0.011719980662385363,
    "values": [
      0.0705999955534935,
      0.1233999952673912,
      0.09779999405145645,
      0.10109999775886536,
      0.10099999606609344,
      0.09219999611377716,
      0.10539999604225159,
      0.09629999846220016,
      0.18400000035762787,
      0.09849999845027924,
      0.09759999811649323,
      0.08619999885559082,
      0.14559999108314514,
      0.11400000005960464,
      0.10920000076293945,
      0.04089999943971634,
      0.08289999514818192,
      0.06019999831914902,
      0.0738999992609024,
      0.08729999512434006,
      0.15850000083446503,
      0.09109999984502792,
      0.10329999774694443,
      0.1403999924659729,
      0.09919999539852142
    ]
  },
  "xmodel_all": {
    "mean": 0.6926439833641053,
    "ci95": 0.02336454948391948,
    "values": [
      0.56659996509552,
      0.7303000092506409,
      0.6617000102996826,
      0.6876999735832214,
      0.726099967956543,
      0.5834999680519104,
      0.6446999907493591,
      0.6923999786376953,
      0.795799970626831,
      0.6398999691009521,
      0.73499995470047,
      0.7328999638557434,
      0.7031999826431274,
      0.75,
      0.7159000039100647,
      0.6825000047683716,
      0.6367999911308289,
      0.6401000022888184,
      0.6586999893188477,
      0.7983999848365784,
      0.6884999871253967,
      0.6407999992370605,
      0.7756999731063843,
      0.661799967288971,
      0.7670999765396118
    ]
  },
  "device": "cuda",
  "timestamp": "2026-02-11 22:18:32"
}