{
  "config": {
    "exp_name": "wd_1e-3",
    "seed": 0,
    "n_models": 25,
    "m_ghost": 3,
    "lr": 0.0003,
    "epochs_teacher": 5,
    "epochs_distill": 5,
    "batch_size": 1024,
    "hidden_dim": 256,
    "n_hidden_layers": 2,
    "activation": "relu",
    "init_scale": 1.0,
    "distill_data": "uniform",
    "temperature": 1.0,
    "weight_decay": 0.001,
    "init_noise": 0.0,
    "results_dir": "results_a",
    "plots_dir": "plots_a"
  },
  "reference": {
    "mean": 0.1022839978337288,
    "ci95": 0.013224802676877626,
    "values": [
      0.08949999511241913,
      0.20409999787807465,
      0.09869999438524246,
      0.04600000008940697,
      0.06030000001192093,
      0.08489999920129776,
      0.08410000056028366,
      0.08649999648332596,
      0.07490000128746033,
      0.11979999393224716,
      0.14090000092983246,
      0.09429999440908432,
      0.10359999537467957,
      0.18029999732971191,
      0.08289999514818192,
      0.11949999630451202,
      0.10459999740123749,
      0.09719999879598618,
      0.11180000007152557,
      0.10289999842643738,
      0.09730000048875809,
      0.10239999741315842,
      0.11569999903440475,
      0.05329999700188637,
      0.10159999877214432
    ]
  },
  "teacher": {
    "mean": 0.9147239780426025,
    "ci95": 0.0007427156358202655,
    "values": [
      0.9142999649047852,
      0.9132999777793884,
      0.9163999557495117,
      0.9124999642372131,
      0.9120000004768372,
      0.9140999913215637,
      0.9159999489784241,
      0.9161999821662903,
      0.9125999808311462,
      0.9157999753952026,
      0.9124999642372131,
      0.9169999957084656,
      0.9162999987602234,
      0.9120999574661255,
      0.9144999980926514,
      0.9157999753952026,
      0.916700005531311,
      0.9168999791145325,
      0.9143999814987183,
      0.9106000065803528,
      0.9156999588012695,
      0.9179999828338623,
      0.9131999611854553,
      0.9150999784469604,
      0.9160999655723572
    ]
  },
  "student_aux": {
    "mean": 0.09084799781441688,
    "ci95": 0.009226237954187932,
    "values": [
      0.09059999883174896,
      0.1022999957203865,
      0.10619999468326569,
      0.08579999953508377,
      0.06480000168085098,
      0.07509999722242355,
      0.08669999986886978,
      0.0486999973654747,
      0.1314999908208847,
      0.13769999146461487,
      0.061400000005960464,
      0.060999996960163116,
      0.1266999989748001,
      0.06859999895095825,
      0.12029999494552612,
      0.10209999978542328,
      0.0940999984741211,
      0.1143999993801117,
      0.0746999979019165,
      0.08659999817609787,
      0.09829999506473541,
      0.10119999945163727,
      0.06700000166893005,
      0.06469999998807907,
      0.1006999984383583
    ]
  },
  "student_all": {
    "mean": 0.10075599670410157,
    "ci95": 0.003930805339713366,
    "values": [
      0.10319999605417252,
      0.10319999605417252,
      0.10339999943971634,
      0.10349999368190765,
      0.10319999605417252,
      0.10319999605417252,
      0.08919999748468399,
      0.10319999605417252,
      0.08919999748468399,
      0.1370999962091446,
      0.1005999967455864,
      0.08919999748468399,
      0.10369999706745148,
      0.10579999536275864,
      0.08919999748468399,
      0.10319999605417252,
      0.08980000019073486,
      0.09009999781847,
      0.08949999511241913,
      0.10319999605417252,
      0.11409999430179596,
      0.09769999980926514,
      0.09789999574422836,
      0.10319999605417252,
      0.10329999774694443
    ]
  },
  "xmodel_aux": {
    "mean": 0.09109999820590019,
    "ci95": 0.009889991007609959,
    "values": [
      0.08549999445676804,
      0.04800000041723251,
      0.09989999979734421,
      0.14079999923706055,
      0.06159999966621399,
      0.08709999918937683,
      0.08500000089406967,
      0.09589999914169312,
      0.13169999420642853,
      0.10319999605417252,
      0.06589999794960022,
      0.07440000027418137,
      0.10649999976158142,
      0.08449999988079071,
      0.09429999440908432,
      0.06390000134706497,
      0.11289999634027481,
      0.06309999525547028,
      0.11879999935626984,
      0.05739999935030937,
      0.1039000004529953,
      0.06509999930858612,
      0.08349999785423279,
      0.10249999910593033,
      0.142099991440773
    ]
  },
  "xmodel_all": {
    "mean": 0.11598399639129639,
    "ci95": 0.009633198029710625,
    "values": [
      0.10319999605417252,
      0.10319999605417252,
      0.10319999605417252,
      0.1419999897480011,
      0.10319999605417252,
      0.10319999605417252,
      0.1476999968290329,
      0.10319999605417252,
      0.08919999748468399,
      0.17189998924732208,
      0.10319999605417252,
      0.08919999748468399,
      0.09049999713897705,
      0.1517999917268753,
      0.08919999748468399,
      0.10319999605417252,
      0.08919999748468399,
      0.13650000095367432,
      0.1428000032901764,
      0.10429999977350235,
      0.16089999675750732,
      0.13809999823570251,
      0.12429999560117722,
      0.10319999605417252,
      0.10319999605417252
    ]
  },
  "device": "cuda",
  "timestamp": "2026-02-11 22:18:54"
}